{
	"bosses": {
		"type": "array",
		"orientation": "horizontal",
		"content": [
			{
				"type": "itemgrid",
				"h_alignment": "center",
				"item_size": "55",
				"item_margin": "1,1,1,1",
				"margin": "4,1,1,25",
				"item_h_alignment": "center",
				"item_v_alignment": "center",
				"rows":[
					[
						"ftcompleted",
						"gmcompleted",
						"ltcompleted",
						"agcompleted",
						"srcompleted",
						"ttcompleted",
						"cscompleted",
						"ptcompleted",
						"hccompleted",
					]
				]
			}
		]
	},
	"bosses_broadcast": {
		"type": "array",
		"orientation": "horizontal",
		"content": [
			{
				"type": "itemgrid",
				"h_alignment": "center",
				"item_size": "41",
				"item_margin": "1,1,1,1",
				"margin": "4,1,1,25",
				"item_h_alignment": "center",
				"item_v_alignment": "center",
				"rows":[
					[
						"ftcompleted",
						"gmcompleted",
						"ltcompleted",
						"agcompleted",
						"srcompleted",
						"ttcompleted",
						"cscompleted",
						"ptcompleted",
						"hccompleted",
					]
				]
			}
		]
	}
}