[
	{
		"name": "Faron Region",
		"children": [
			{
				"name": "Faron Field",
				"children": [
					{
						"name": "Corner Grotto",
						"access_rules": [
							"@FaronFieldCornerGrotto"
						],
						"map_locations": [
							{
								"map": "ff",
								"x": 934,
								"y": 1360
							}
						],
						"sections": [
							{
								"name": "Left Chest",
								"access_rules": [
									""
								]
							},
							{
								"name": "Right Chest",
								"access_rules": [
									""
								]
							},
							{
								"name": "Rear Chest",
								"access_rules": [
									""
								]
							}
						]
					},
					{
						"name": "Tree Heart Piece",
						"map_locations": [
							{
								"map": "ff",
								"x": 671,
								"y": 985
							}
						],
						"sections": [
							{
								"access_rules": [
									"@FaronField, boomerang",
									"@FaronField, clawshot",
									"[glitcheson], @FaronField, ballchain"
								]
							}
						]
					},
					{
						"name": "Bridge Chest",
						"map_locations": [
							{
								"map": "ff",
								"x": 642,
								"y": 828
							}
						],
						"sections": [
							{
								"access_rules": [
									"@FaronField, clawshot",
									"[glitcheson], $canDoStorage"
								]
							}
						]
					}
				]
			},
			{
				"name": "Faron Field Poes",
				"chest_unopened_img": "images/Items/PoeSoulGrayed.png",
				"chest_opened_img": "images/Items/PoeSoul.png",
				"visibility_rules": [
					"poeson"
				],
				"children": [
					{
						"name": "Faron Field Poe",
						"map_locations": [
							{
								"map": "ff",
								"x": 715,
								"y": 644,
								"shape": "diamond"
							}
						],
						"sections": [
							{
								"access_rules": [
									"@FaronField, $canCompleteMDH, shadowcrystal, $allTwilightCleared"
								]
							}
						]
					}
				]
			},
			{
				"name": "Faron Field Bugs",
				"chest_unopened_img": "images/Items/GoldenBugGrayed.png",
				"chest_opened_img": "images/Items/GoldenBug.png",
				"visibility_rules": [
					"bugson"
				],
				"access_rules": [
					"@FaronField"
				],
				"children": [
					{
						"name": "Male Beetle",
						"map_locations": [
							{
								"map": "ff",
								"x": 516,
								"y": 1031,
								"shape": "diamond"
							}
						],
						"sections": [
							{
								"access_rules": [
									""
								]
							}
						]
					},
					{
						"name": "Female Beetle",
						"map_locations": [
							{
								"map": "ff",
								"x": 919,
								"y": 672,
								"shape": "diamond"
							}
						],
						"sections": [
							{
								"access_rules": [
									"boomerang",
									"clawshot",
									"[glitcheson], $canDoMapGlitch",
									"[glitcheson], $canDoEBMoonBoots"
								]
							}
						]
					}
				]
			},
			{
				"name": "Faron Field Hint Signs",
				"children": [
					{
						"name": "Hint Sign",
						"map_locations": [
							{
								"map": "ff",
								"x": 642,
								"y": 867,
								"shape": "diamond"
							}
						],
						"sections": [
							{
								"access_rules": [
									"{@FaronField}"
								],
								"visibility_rules": [
									"hintson"
								]
							}
						]
					}
				]
			},
			{
				"name": "Faron Woods",
				"children": [
					{
						"name": "Coro Bottle",
						"map_locations": [
							{
								"map": "fw",
								"x": 974,
								"y": 560
							}
						],
						"sections": [
							{
								"access_rules": [
									"@SouthFaronWoods, $canCompletePrologue"
								]
							}
						]
					},
					{
						"name": "South Cave Chest",
						"map_locations": [
							{
								"map": "fw",
								"x": 797,
								"y": 599
							}
						],
						"sections": [
							{
								"access_rules": [
									"@FaronWoodsCave"
								]
							}
						]
					},
					{
						"name": "Mist - South Chest",
						"map_locations": [
							{
								"map": "fw",
								"x": 591,
								"y": 510
							}
						],
						"sections": [
							{
								"access_rules": [
									"@MistAreaInsideMist, $canCompletePrologue, lantern",
									"[glitcheson], @MistAreaInsideMist, lantern",
									"[glitcheson], @MistAreaInsideMist, $canDoMapGlitch"
								]
							}
						]
					},
					{
						"name": "Mist - Stump Chest",
						"map_locations": [
							{
								"map": "fw",
								"x": 600,
								"y": 380
							}
						],
						"sections": [
							{
								"access_rules": [
									"@MistAreaInsideMist, $canCompletePrologue, lantern",
									"[glitcheson], @MistAreaInsideMist, lantern",
									"[glitcheson], @MistAreaInsideMist, shadowcrystal"
								]
							}
						]
					},
					{
						"name": "Mist - North Chest",
						"map_locations": [
							{
								"map": "fw",
								"x": 635,
								"y": 150
							}
						],
						"sections": [
							{
								"access_rules": [
									"@MistAreaInsideMist, $canCompletePrologue, lantern",
									"[glitcheson], @MistAreaInsideMist, lantern",
									"[glitcheson], @MistAreaInsideMist, $canDoMapGlitch"
								]
							}
						]
					},
					{
						"name": "Mist - Cave",
						"access_rules": [
							"@MistAreaFaronMistCave"
						],
						"map_locations": [
							{
								"map": "fw",
								"x": 893,
								"y": 174
							}
						],
						"sections": [
							{
								"name": "Open Chest",
								"access_rules": [
									""
								]
							},
							{
								"name": "Lantern Chest",
								"access_rules": [
									"lantern"
								]
							}
						]
					},
					{
						"name": "Golden Wolf",
						"map_locations": [
							{
								"map": "fw",
								"x": 267,
								"y": 260
							}
						],
						"sections": [
							{
								"access_rules": [
									"@NorthFaronWoods"
								]
							}
						]
					},
					{
						"name": "Deku Baba Chest",
						"map_locations": [
							{
								"map": "fw",
								"x": 206,
								"y": 275
							}
						],
						"sections": [
							{
								"access_rules": [
									"@NorthFaronWoods"
								]
							}
						]
					},
					{
						"name": "Owl Statue Chest",
						"map_locations": [
							{
								"map": "fw",
								"x": 746,
								"y": 346
							}
						],
						"sections": [
							{
								"access_rules": [
									"@MistAreaNearOwlStatueChest, glitchesoff",
									"[glitcheson], @MistAreaNearOwlStatueChest, $canSmash, powereddominionrod, $canClearForest, shadowcrystal",
									"[glitcheson], @MistAreaNearOwlStatueChest, $canDoMapGlitch"
								]
							}
						]
					},
					{
						"name": "Owl Statue Sky Character",
						"map_locations": [
							{
								"map": "fw",
								"x": 885,
								"y": 378
							}
						],
						"sections": [
							{
								"access_rules": [
									"@SouthFaronWoodsOwlStatueArea, powereddominionrod, $canClearForest",
									"[glitcheson], @SouthFaronWoodsOwlStatueArea, powereddominionrod, $canDoMapGlitch"
								]
							}
						]
					}
				]
			},
			{
				"name": "Faron Woods Poes",
				"chest_unopened_img": "images/Items/PoeSoulGrayed.png",
				"chest_opened_img": "images/Items/PoeSoul.png",
				"visibility_rules": [
					"poeson"
				],
				"children": [
					{
						"name": "Mist Poe",
						"map_locations": [
							{
								"map": "fw",
								"x": 597,
								"y": 336,
								"shape": "diamond"
							}
						],
						"sections": [
							{
								"access_rules": [
									"@MistAreaCenterStump, $canCompletePrologue, shadowcrystal",
									"[glitcheson], @MistAreaCenterStump, shadowcrystal"
								]
							}
						]
					}
				]
			},
			{
				"name": "Faron Woods Golden Wolves",
				"children": [
					{
						"name": "South Castle Town Stone",
						"map_locations": [
							{
								"map": "fw",
								"x": 127,
								"y": 503
							}
						],
						"sections": [
							{
								"hosted_item": "nfwhowlingstone",
								"access_rules": [
									"{@NorthFaronWoods, shadowcrystal}"
								]
							}
						]
					}
				]
			},
			{
				"name": "Faron Woods Hint Signs",
				"children": [
					{
						"name": "Hint Sign",
						"map_locations": [
							{
								"map": "fw",
								"x": 1020,
								"y": 627,
								"shape": "diamond"
							}
						],
						"sections": [
							{
								"access_rules": [
									"{@SouthFaronWoods}"
								],
								"visibility_rules": [
									"hintson"
								]
							}
						]
					}
				]
			}
		]
	}
]
