[
	{
		"name": "Overworld",
		"children": [
			{
				"name": "Castle Town",
				"map_locations": [
					{
						"map": "overworld",
						"x": 965,
						"y": 813
					}
				],
				"sections": [
					{
						"ref": "Castle Town/Charlo Donation Blessing/",
						"name": "Charlo Donation Blessing"
					},
					{
						"ref": "Castle Town/STAR/Prize 1",
						"name": "STAR Prize 1"
					},
					{
						"ref": "Castle Town/STAR/Prize 2",
						"name": "STAR Prize 2"
					},
					{
						"ref": "Castle Town/Malo Mart Magic Armor/",
						"name": "Malo Mart Magic Armor"
					},
					{
						"ref": "Castle Town/Jovani/20 Poe Souls",
						"name": "Jovani 20 Poe Souls"
					},
					{
						"ref": "Castle Town/Jovani/60 Poe Souls",
						"name": "Jovani 60 Poe Souls"
					},
					{
						"ref": "Castle Town/Telma Invoice/",
						"name": "Telma Invoice"
					},
					{
						"ref": "Castle Town/Doctor's Office Balcony Chest/",
						"name": "Doctor's Office Balcony Chest"
					},
					{
						"ref": "Castle Town/Agitha's Castle/Male Ant",
						"name": "Agitha's Castle Male Ant"
					},
					{
						"ref": "Castle Town/Agitha's Castle/Female Ant",
						"name": "Agitha's Castle Female Ant"
					},
					{
						"ref": "Castle Town/Agitha's Castle/Male Dayfly",
						"name": "Agitha's Castle Male Dayfly"
					},
					{
						"ref": "Castle Town/Agitha's Castle/Female Dayfly",
						"name": "Agitha's Castle Female Dayfly"
					},
					{
						"ref": "Castle Town/Agitha's Castle/Male Beetle",
						"name": "Agitha's Castle Male Beetle"
					},
					{
						"ref": "Castle Town/Agitha's Castle/Female Beetle",
						"name": "Agitha's Castle Female Beetle"
					},
					{
						"ref": "Castle Town/Agitha's Castle/Male Mantis",
						"name": "Agitha's Castle Male Mantis"
					},
					{
						"ref": "Castle Town/Agitha's Castle/Female Mantis",
						"name": "Agitha's Castle Female Mantis"
					},
					{
						"ref": "Castle Town/Agitha's Castle/Male Stag Beetle",
						"name": "Agitha's Castle Male Stag Beetle"
					},
					{
						"ref": "Castle Town/Agitha's Castle/Female Stag Beetle",
						"name": "Agitha's Castle Female Stag Beetle"
					},
					{
						"ref": "Castle Town/Agitha's Castle/Male Pillbug",
						"name": "Agitha's Castle Male Pillbug"
					},
					{
						"ref": "Castle Town/Agitha's Castle/Female Pillbug",
						"name": "Agitha's Castle Female Pillbug"
					},
					{
						"ref": "Castle Town/Agitha's Castle/Male Butterfly",
						"name": "Agitha's Castle Male Butterfly"
					},
					{
						"ref": "Castle Town/Agitha's Castle/Female Butterfly",
						"name": "Agitha's Castle Female Butterfly"
					},
					{
						"ref": "Castle Town/Agitha's Castle/Male Ladybug",
						"name": "Agitha's Castle Male Ladybug"
					},
					{
						"ref": "Castle Town/Agitha's Castle/Female Ladybug",
						"name": "Agitha's Castle Female Ladybug"
					},
					{
						"ref": "Castle Town/Agitha's Castle/Male Snail",
						"name": "Agitha's Castle Male Snail"
					},
					{
						"ref": "Castle Town/Agitha's Castle/Female Snail",
						"name": "Agitha's Castle Female Snail"
					},
					{
						"ref": "Castle Town/Agitha's Castle/Male Phasmid",
						"name": "Agitha's Castle Male Phasmid"
					},
					{
						"ref": "Castle Town/Agitha's Castle/Female Phasmid",
						"name": "Agitha's Castle Female Phasmid"
					},
					{
						"ref": "Castle Town/Agitha's Castle/Male Grasshopper",
						"name": "Agitha's Castle Male Grasshopper"
					},
					{
						"ref": "Castle Town/Agitha's Castle/Female Grasshopper",
						"name": "Agitha's Castle Female Grasshopper"
					},
					{
						"ref": "Castle Town/Agitha's Castle/Male Dragonfly",
						"name": "Agitha's Castle Male Dragonfly"
					},
					{
						"ref": "Castle Town/Agitha's Castle/Female Dragonfly",
						"name": "Agitha's Castle Female Dragonfly"
					},
					{
						"ref": "Castle Town Poes/Jovani House Poe/",
						"name": "Jovani House Poe"
					},
					{
						"ref": "Castle Town Poes/East Castle Town Bridge Poe/",
						"name": "East Castle Town Bridge Poe"
					},
					{
						"ref": "Castle Town Golden Wolves/Golden Wolf/",
						"name": "Golden Wolf"
					},
					{
						"ref": "Castle Town Hint Signs/Hint Sign/",
						"name": "Hint Sign"
					}
				]
			},
			{
				"name": "Eldin Region",
				"children": [
					{
						"name": "Death Mountain",
						"map_locations": [
							{
								"map": "overworld",
								"x": 1679,
								"y": 853
							}
						],
						"sections": [
							{
								"ref": "Eldin Region/Death Mountain/Alcove Chest/",
								"name": "Alcove Chest"
							},
							{
								"ref": "Eldin Region/Death Mountain Poes/Death Mountain Trail Poe/",
								"name": "Death Mountain Trail Poe"
							},
							{
								"ref": "Eldin Region/Death Mountain Golden Wolves/Ordon Spring Stone/",
								"name": "Ordon Spring Stone"
							},
							{
								"ref": "Eldin Region/Death Mountain Hint Signs/Hint Sign/",
								"name": "Hint Sign"
							}
						]
					},
					{
						"name": "Eldin Field",
						"map_locations": [
							{
								"map": "overworld",
								"x": 1376,
								"y": 755
							}
						],
						"sections": [
							{
								"ref": "Eldin Region/Eldin Field/Bomb Rock Chest/",
								"name": "Bomb Rock Chest"
							},
							{
								"ref": "Eldin Region/Eldin Field/Goron Springwater Rush/",
								"name": "Goron Springwater Rush"
							},
							{
								"ref": "Eldin Region/Eldin Field/Bomskit Grotto/Left Chest",
								"name": "Bomskit Grotto Left Chest"
							},
							{
								"ref": "Eldin Region/Eldin Field/Bomskit Grotto/Lantern Chest",
								"name": "Bomskit Grotto Lantern Chest"
							},
							{
								"ref": "Eldin Region/Eldin Field/Water Bomb Fish Grotto/",
								"name": "Water Bomb Fish Grotto"
							},
							{
								"ref": "Eldin Region/Eldin Field/Owl Statue Chest/",
								"name": "Owl Statue Chest"
							},
							{
								"ref": "Eldin Region/Eldin Field Bugs/Male Grasshopper/",
								"name": "Male Grasshopper"
							},
							{
								"ref": "Eldin Region/Eldin Field Bugs/Female Grasshopper/",
								"name": "Female Grasshopper"
							},
							{
								"ref": "Eldin Region/Eldin Field Bugs/Male Phasmid/",
								"name": "Male Phasmid"
							},
							{
								"ref": "Eldin Region/Eldin Field Hint Signs/Hint Sign/",
								"name": "Hint Sign"
							},
							{
								"ref": "Eldin Region/North Eldin Hint Signs/Hint Sign/",
								"name": "Hint Sign"
							}
						]
					},
					{
						"name": "Hidden Village",
						"map_locations": [
							{
								"map": "overworld",
								"x": 1351,
								"y": 428
							}
						],
						"sections": [
							{
								"ref": "Eldin Region/Hidden Village/Cats Hide and Seek Minigame/",
								"name": "Cats Hide and Seek Minigame"
							},
							{
								"ref": "Eldin Region/Hidden Village/Ilia's Charm/",
								"name": "Ilia's Charm"
							},
							{
								"ref": "Eldin Region/Hidden Village/Skybook From Impaz/",
								"name": "Skybook From Impaz"
							},
							{
								"ref": "Eldin Region/Hidden Village Poes/Hidden Village Poe/",
								"name": "Hidden Village Poe"
							},
							{
								"ref": "Eldin Region/Hidden Village Golden Wolves/North Castle Town Stone/",
								"name": "North Castle Town Stone"
							},
							{
								"ref": "Eldin Region/Hidden Village Hint Signs/Hint Sign/",
								"name": "Hint Sign"
							}
						]
					},
					{
						"name": "Kakariko",
						"map_locations": [
							{
								"map": "overworld",
								"x": 1569,
								"y": 1105
							}
						],
						"sections": [
							{
								"ref": "Eldin Region/Kakariko/Kakariko Inn Chest/",
								"name": "Kakariko Inn Chest"
							},
							{
								"ref": "Eldin Region/Kakariko/Eldin Spring Underwater Chest/",
								"name": "Eldin Spring Underwater Chest"
							},
							{
								"ref": "Eldin Region/Kakariko/Bomb Rock Spire Heart Piece/",
								"name": "Bomb Rock Spire Heart Piece"
							},
							{
								"ref": "Eldin Region/Kakariko/Watchtower/Chest",
								"name": "Watchtower Chest"
							},
							{
								"ref": "Eldin Region/Kakariko/Watchtower/Talo Sharpshooting",
								"name": "Watchtower Talo Sharpshooting"
							},
							{
								"ref": "Eldin Region/Kakariko/Watchtower Alcove Chest/",
								"name": "Watchtower Alcove Chest"
							},
							{
								"ref": "Eldin Region/Kakariko/Barnes Bomb Bag/",
								"name": "Barnes Bomb Bag"
							},
							{
								"ref": "Eldin Region/Kakariko/Malo Mart/Hylian Shield",
								"name": "Malo Mart Hylian Shield"
							},
							{
								"ref": "Eldin Region/Kakariko/Malo Mart/Red Potion",
								"name": "Malo Mart Red Potion"
							},
							{
								"ref": "Eldin Region/Kakariko/Malo Mart/Wooden Shield",
								"name": "Malo Mart Wooden Shield"
							},
							{
								"ref": "Eldin Region/Kakariko/Malo Mart/Hawkeye",
								"name": "Malo Mart Hawkeye"
							},
							{
								"ref": "Eldin Region/Kakariko/Renado's Sanctuary/Renado's Letter",
								"name": "Renado's Sanctuary Renado's Letter"
							},
							{
								"ref": "Eldin Region/Kakariko/Renado's Sanctuary/Ilia Memory Reward",
								"name": "Renado's Sanctuary Ilia Memory Reward"
							},
							{
								"ref": "Eldin Region/Kakariko/Lantern Chest/",
								"name": "Lantern Chest"
							},
							{
								"ref": "Eldin Region/Kakariko/Graveyard Spring/Rutela's Blessing",
								"name": "Graveyard Spring Rutela's Blessing"
							},
							{
								"ref": "Eldin Region/Kakariko/Graveyard Spring/Gift From Ralis",
								"name": "Graveyard Spring Gift From Ralis"
							},
							{
								"ref": "Eldin Region/Kakariko Poes/Bomb Shop Poe/",
								"name": "Bomb Shop Poe"
							},
							{
								"ref": "Eldin Region/Kakariko Poes/Watchtower Poe/",
								"name": "Watchtower Poe"
							},
							{
								"ref": "Eldin Region/Kakariko Poes/Open Poe/",
								"name": "Open Poe"
							},
							{
								"ref": "Eldin Region/Kakariko Poes/Grave Poe/",
								"name": "Grave Poe"
							},
							{
								"ref": "Eldin Region/Kakariko Bugs/Female Ant/",
								"name": "Female Ant"
							},
							{
								"ref": "Eldin Region/Kakariko Bugs/Male Ant/",
								"name": "Male Ant"
							},
							{
								"ref": "Eldin Region/Kakariko Golden Wolves/Golden Wolf/",
								"name": "Golden Wolf"
							},
							{
								"ref": "Eldin Region/Kakariko Hint Signs/Hot Spring Hint Sign/",
								"name": "Hot Spring Hint Sign"
							},
							{
								"ref": "Eldin Region/Kakariko Hint Signs/Graveyard Spring Hint Sign/",
								"name": "Graveyard Spring Hint Sign"
							}
						]
					},
					{
						"name": "Kakariko Gorge",
						"map_locations": [
							{
								"map": "overworld",
								"x": 1235,
								"y": 1080
							}
						],
						"sections": [
							{
								"ref": "Eldin Region/Kakariko Gorge/Lantern Cave/First Chest",
								"name": "Lantern Cave First Chest"
							},
							{
								"ref": "Eldin Region/Kakariko Gorge/Lantern Cave/Second Chest",
								"name": "Lantern Cave Second Chest"
							},
							{
								"ref": "Eldin Region/Kakariko Gorge/Lantern Cave/Lantern Chest",
								"name": "Lantern Cave Lantern Chest"
							},
							{
								"ref": "Eldin Region/Kakariko Gorge/Stone Pillars/Spire Heart Piece",
								"name": "Stone Pillars Spire Heart Piece"
							},
							{
								"ref": "Eldin Region/Kakariko Gorge/Stone Pillars/Double Clawshot Chest",
								"name": "Stone Pillars Double Clawshot Chest"
							},
							{
								"ref": "Eldin Region/Kakariko Gorge/Owl Statue/Sky Character",
								"name": "Owl Statue Sky Character"
							},
							{
								"ref": "Eldin Region/Kakariko Gorge/Owl Statue/Chest",
								"name": "Owl Statue Chest"
							},
							{
								"ref": "Eldin Region/Kakariko Gorge Poes/Lantern Cave Poe/",
								"name": "Lantern Cave Poe"
							},
							{
								"ref": "Eldin Region/Kakariko Gorge Poes/Kakariko Gorge Poe/",
								"name": "Kakariko Gorge Poe"
							},
							{
								"ref": "Eldin Region/Kakariko Gorge Bugs/Male Pill Bug/",
								"name": "Male Pill Bug"
							},
							{
								"ref": "Eldin Region/Kakariko Gorge Bugs/Female Pill Bug/",
								"name": "Female Pill Bug"
							},
							{
								"ref": "Eldin Region/Kakariko Gorge Hint Signs/Hint Sign/",
								"name": "Hint Sign"
							}
						]
					},
					{
						"name": "North Eldin",
						"map_locations": [
							{
								"map": "overworld",
								"x": 1505,
								"y": 466
							}
						],
						"sections": [
							{
								"ref": "Eldin Region/North Eldin/Owl Statue Sky Character/",
								"name": "Owl Statue Sky Character"
							},
							{
								"ref": "Eldin Region/North Eldin/Stockcave/Upper Chest",
								"name": "Stockcave Upper Chest"
							},
							{
								"ref": "Eldin Region/North Eldin/Stockcave/Lantern Chest",
								"name": "Stockcave Lantern Chest"
							},
							{
								"ref": "Eldin Region/North Eldin/Stockcave/Lowest Chest",
								"name": "Stockcave Lowest Chest"
							},
							{
								"ref": "Eldin Region/North Eldin/Stalfos Grotto/Left Small Chest",
								"name": "Stalfos Grotto Left Small Chest"
							},
							{
								"ref": "Eldin Region/North Eldin/Stalfos Grotto/Right Small Chest",
								"name": "Stalfos Grotto Right Small Chest"
							},
							{
								"ref": "Eldin Region/North Eldin/Stalfos Grotto/Stalfos Chest",
								"name": "Stalfos Grotto Stalfos Chest"
							},
							{
								"ref": "Eldin Region/North Eldin Bugs/Female Phasmid/",
								"name": "Female Phasmid"
							}
						]
					}
				]
			},
			{
				"name": "Faron Region",
				"children": [
					{
						"name": "Faron Field",
						"map_locations": [
							{
								"map": "overworld",
								"x": 990,
								"y": 1241
							}
						],
						"sections": [
							{
								"ref": "Faron Region/Faron Field/Corner Grotto/Left Chest",
								"name": "Corner Grotto Left Chest"
							},
							{
								"ref": "Faron Region/Faron Field/Corner Grotto/Right Chest",
								"name": "Corner Grotto Right Chest"
							},
							{
								"ref": "Faron Region/Faron Field/Corner Grotto/Rear Chest",
								"name": "Corner Grotto Rear Chest"
							},
							{
								"ref": "Faron Region/Faron Field/Tree Heart Piece/",
								"name": "Tree Heart Piece"
							},
							{
								"ref": "Faron Region/Faron Field/Bridge Chest/",
								"name": "Bridge Chest"
							},
							{
								"ref": "Faron Region/Faron Field Poes/Faron Field Poe/",
								"name": "Faron Field Poe"
							},
							{
								"ref": "Faron Region/Faron Field Bugs/Male Beetle/",
								"name": "Male Beetle"
							},
							{
								"ref": "Faron Region/Faron Field Bugs/Female Beetle/",
								"name": "Female Beetle"
							},
							{
								"ref": "Faron Region/Faron Field Hint Signs/Hint Sign/",
								"name": "Hint Sign"
							}
						]
					},
					{
						"name": "Faron Woods",
						"map_locations": [
							{
								"map": "overworld",
								"x": 952,
								"y": 1501
							}
						],
						"sections": [
							{
								"ref": "Faron Region/Faron Woods/Coro Bottle/",
								"name": "Coro Bottle"
							},
							{
								"ref": "Faron Region/Faron Woods/South Cave Chest/",
								"name": "South Cave Chest"
							},
							{
								"ref": "Faron Region/Faron Woods/Mist - South Chest/",
								"name": "Mist - South Chest"
							},
							{
								"ref": "Faron Region/Faron Woods/Mist - Stump Chest/",
								"name": "Mist - Stump Chest"
							},
							{
								"ref": "Faron Region/Faron Woods/Mist - North Chest/",
								"name": "Mist - North Chest"
							},
							{
								"ref": "Faron Region/Faron Woods/Mist - Cave/Open Chest",
								"name": "Mist - Cave Open Chest"
							},
							{
								"ref": "Faron Region/Faron Woods/Mist - Cave/Lantern Chest",
								"name": "Mist - Cave Lantern Chest"
							},
							{
								"ref": "Faron Region/Faron Woods/Golden Wolf/",
								"name": "Golden Wolf"
							},
							{
								"ref": "Faron Region/Faron Woods/Deku Baba Chest/",
								"name": "Deku Baba Chest"
							},
							{
								"ref": "Faron Region/Faron Woods/Owl Statue Chest/",
								"name": "Owl Statue Chest"
							},
							{
								"ref": "Faron Region/Faron Woods/Owl Statue Sky Character/",
								"name": "Owl Statue Sky Character"
							},
							{
								"ref": "Faron Region/Faron Woods Poes/Mist Poe/",
								"name": "Mist Poe"
							},
							{
								"ref": "Faron Region/Faron Woods Golden Wolves/South Castle Town Stone/",
								"name": "South Castle Town Stone"
							},
							{
								"ref": "Faron Region/Faron Woods Hint Signs/Hint Sign/",
								"name": "Hint Sign"
							}
						]
					}
				]
			},
			{
				"name": "Gerudo Desert",
				"map_locations": [
					{
						"map": "overworld",
						"x": 286,
						"y": 1172
					}
				],
				"sections": [
					{
						"ref": "Gerudo Desert/Skulltula Grotto Chest/",
						"name": "Skulltula Grotto Chest"
					},
					{
						"ref": "Gerudo Desert/Peahat Ledge Chest/",
						"name": "Peahat Ledge Chest"
					},
					{
						"ref": "Gerudo Desert/East Canyon Chest/",
						"name": "East Canyon Chest"
					},
					{
						"ref": "Gerudo Desert/South Chest Behind Wooden Gates/",
						"name": "South Chest Behind Wooden Gates"
					},
					{
						"ref": "Gerudo Desert/Lone Small Chest/",
						"name": "Lone Small Chest"
					},
					{
						"ref": "Gerudo Desert/Owl Statue/Chest",
						"name": "Owl Statue Chest"
					},
					{
						"ref": "Gerudo Desert/Owl Statue/Sky Character",
						"name": "Owl Statue Sky Character"
					},
					{
						"ref": "Gerudo Desert/Cave of Ordeals/Great Fairy Reward",
						"name": "Cave of Ordeals Great Fairy Reward"
					},
					{
						"ref": "Gerudo Desert/West Canyon Chest/",
						"name": "West Canyon Chest"
					},
					{
						"ref": "Gerudo Desert/Campfire/West Chest",
						"name": "Campfire West Chest"
					},
					{
						"ref": "Gerudo Desert/Campfire/East Chest",
						"name": "Campfire East Chest"
					},
					{
						"ref": "Gerudo Desert/Campfire/North Chest",
						"name": "Campfire North Chest"
					},
					{
						"ref": "Gerudo Desert/Northwest Chest Behind Gates/",
						"name": "Northwest Chest Behind Gates"
					},
					{
						"ref": "Gerudo Desert/Northeast Chest Behind Gates/",
						"name": "Northeast Chest Behind Gates"
					},
					{
						"ref": "Gerudo Desert/Rock Grotto/Lantern Chest",
						"name": "Rock Grotto Lantern Chest"
					},
					{
						"ref": "Gerudo Desert/North Small Chest Before Bulbin Camp/",
						"name": "North Small Chest Before Bulbin Camp"
					},
					{
						"ref": "Gerudo Desert/First Chest Under Tower At Entrance/",
						"name": "First Chest Under Tower At Entrance"
					},
					{
						"ref": "Gerudo Desert/Bulbin Guard Key/",
						"name": "Bulbin Guard Key"
					},
					{
						"ref": "Gerudo Desert/Small Chest in Back of Camp/",
						"name": "Small Chest in Back of Camp"
					},
					{
						"ref": "Gerudo Desert/Roasted Boar/",
						"name": "Roasted Boar"
					},
					{
						"ref": "Gerudo Desert/Outside Arbiter's Grounds Lantern Chest/",
						"name": "Outside Arbiter's Grounds Lantern Chest"
					},
					{
						"ref": "Gerudo Desert Poes/East Poe/",
						"name": "East Poe"
					},
					{
						"ref": "Gerudo Desert Poes/Cave of Ordeals/Poe Above Cave of Ordeals",
						"name": "Cave of Ordeals Poe Above Cave of Ordeals"
					},
					{
						"ref": "Gerudo Desert Poes/Cave of Ordeals/Floor 17 Poe",
						"name": "Cave of Ordeals Floor 17 Poe"
					},
					{
						"ref": "Gerudo Desert Poes/Cave of Ordeals/Floor 33 Poe",
						"name": "Cave of Ordeals Floor 33 Poe"
					},
					{
						"ref": "Gerudo Desert Poes/Cave of Ordeals/Floor 44 Poe",
						"name": "Cave of Ordeals Floor 44 Poe"
					},
					{
						"ref": "Gerudo Desert Poes/Rock Grotto/Outside - North Peahat Poe",
						"name": "Rock Grotto Outside - North Peahat Poe"
					},
					{
						"ref": "Gerudo Desert Poes/Rock Grotto/First Poe",
						"name": "Rock Grotto First Poe"
					},
					{
						"ref": "Gerudo Desert Poes/Rock Grotto/Second Poe",
						"name": "Rock Grotto Second Poe"
					},
					{
						"ref": "Gerudo Desert Poes/Outside Bulbin Camp Poe/",
						"name": "Outside Bulbin Camp Poe"
					},
					{
						"ref": "Gerudo Desert Poes/Bulbin Camp Poe/",
						"name": "Bulbin Camp Poe"
					},
					{
						"ref": "Gerudo Desert Poes/Outside Arbiter's Grounds Poe/",
						"name": "Outside Arbiter's Grounds Poe"
					},
					{
						"ref": "Gerudo Desert Bugs/Male Dayfly/",
						"name": "Male Dayfly"
					},
					{
						"ref": "Gerudo Desert Bugs/Female Dayfly/",
						"name": "Female Dayfly"
					},
					{
						"ref": "Gerudo Desert Golden Wolves/Golden Wolf/",
						"name": "Golden Wolf"
					},
					{
						"ref": "Gerudo Desert Hint Signs/Desert Hint Sign/",
						"name": "Desert Hint Sign"
					},
					{
						"ref": "Gerudo Desert Hint Signs/Camp Hint Sign/",
						"name": "Camp Hint Sign"
					},
					{
						"ref": "Gerudo Desert Hint Signs/CoO Hint Sign/",
						"name": "CoO Hint Sign"
					}
				]
			},
			{
				"name": "Lanayru Region",
				"children": [
					{
						"name": "Beside Castle Town",
						"map_locations": [
							{
								"map": "overworld",
								"x": 816,
								"y": 788
							}
						],
						"sections": [
							{
								"ref": "Lanayru Region/Beside Castle Town/Helmasaur Grotto Chest/",
								"name": "Helmasaur Grotto Chest"
							},
							{
								"ref": "Lanayru Region/Beside Castle Town/Owl Statue/Sky Character",
								"name": "Owl Statue Sky Character"
							},
							{
								"ref": "Lanayru Region/Beside Castle Town/Owl Statue/Chest",
								"name": "Owl Statue Chest"
							},
							{
								"ref": "Lanayru Region/Beside Castle Town Poes/Amphitheater Poe/",
								"name": "Amphitheater Poe"
							},
							{
								"ref": "Lanayru Region/Beside Castle Town Bugs/Female Butterfly/",
								"name": "Female Butterfly"
							},
							{
								"ref": "Lanayru Region/Beside Castle Town Bugs/Male Butterfly/",
								"name": "Male Butterfly"
							},
							{
								"ref": "Lanayru Region/Beside Castle Town Golden Wolves/Golden Wolf/",
								"name": "Golden Wolf"
							},
							{
								"ref": "Lanayru Region/Beside Castle Town Hint Signs/Hint Sign/",
								"name": "Hint Sign"
							}
						]
					},
					{
						"name": "Lake Hylia",
						"map_locations": [
							{
								"map": "overworld",
								"x": 612,
								"y": 985
							}
						],
						"sections": [
							{
								"ref": "Lanayru Region/Lake Hylia/Owl Statue/Sky Character",
								"name": "Owl Statue Sky Character"
							},
							{
								"ref": "Lanayru Region/Lake Hylia/Owl Statue/Chest",
								"name": "Owl Statue Chest"
							},
							{
								"ref": "Lanayru Region/Lake Hylia/Vines Chest/",
								"name": "Vines Chest"
							},
							{
								"ref": "Lanayru Region/Lake Hylia/Bubble Grotto/Cliff Chest",
								"name": "Bubble Grotto Cliff Chest"
							},
							{
								"ref": "Lanayru Region/Lake Hylia/Bubble Grotto/Bubble Grotto Chest",
								"name": "Bubble Grotto Bubble Grotto Chest"
							},
							{
								"ref": "Lanayru Region/Lake Hylia/Plumm Fruit Balloon Minigame/",
								"name": "Plumm Fruit Balloon Minigame"
							},
							{
								"ref": "Lanayru Region/Lake Hylia/Shell Blade Grotto Chest/",
								"name": "Shell Blade Grotto Chest"
							},
							{
								"ref": "Lanayru Region/Lake Hylia/Flight By Fowl Minigame/Spinning Platform",
								"name": "Flight By Fowl Minigame Spinning Platform"
							},
							{
								"ref": "Lanayru Region/Lake Hylia/Flight By Fowl Minigame/Highest Platform",
								"name": "Flight By Fowl Minigame Highest Platform"
							},
							{
								"ref": "Lanayru Region/Lake Hylia/Flight By Fowl Minigame/2nd Highest Platform",
								"name": "Flight By Fowl Minigame 2nd Highest Platform"
							},
							{
								"ref": "Lanayru Region/Lake Hylia/Flight By Fowl Minigame/2nd Lowest Platform",
								"name": "Flight By Fowl Minigame 2nd Lowest Platform"
							},
							{
								"ref": "Lanayru Region/Lake Hylia/Flight By Fowl Minigame/Lowest Platform",
								"name": "Flight By Fowl Minigame Lowest Platform"
							},
							{
								"ref": "Lanayru Region/Lake Hylia/Auru Gift To Fyer/",
								"name": "Auru Gift To Fyer"
							},
							{
								"ref": "Lanayru Region/Lake Hylia/Water Toadpoli Grotto Chest/",
								"name": "Water Toadpoli Grotto Chest"
							},
							{
								"ref": "Lanayru Region/Lake Hylia/Lake Lantern Cave/1st Chest",
								"name": "Lake Lantern Cave 1st Chest"
							},
							{
								"ref": "Lanayru Region/Lake Hylia/Lake Lantern Cave/2nd Chest",
								"name": "Lake Lantern Cave 2nd Chest"
							},
							{
								"ref": "Lanayru Region/Lake Hylia/Lake Lantern Cave/3rd Chest",
								"name": "Lake Lantern Cave 3rd Chest"
							},
							{
								"ref": "Lanayru Region/Lake Hylia/Lake Lantern Cave/4th Chest",
								"name": "Lake Lantern Cave 4th Chest"
							},
							{
								"ref": "Lanayru Region/Lake Hylia/Lake Lantern Cave/5th Chest",
								"name": "Lake Lantern Cave 5th Chest"
							},
							{
								"ref": "Lanayru Region/Lake Hylia/Lake Lantern Cave/6th Chest - Lantern",
								"name": "Lake Lantern Cave 6th Chest - Lantern"
							},
							{
								"ref": "Lanayru Region/Lake Hylia/Lake Lantern Cave/7th Chest",
								"name": "Lake Lantern Cave 7th Chest"
							},
							{
								"ref": "Lanayru Region/Lake Hylia/Lake Lantern Cave/8th Chest",
								"name": "Lake Lantern Cave 8th Chest"
							},
							{
								"ref": "Lanayru Region/Lake Hylia/Lake Lantern Cave/9th Chest",
								"name": "Lake Lantern Cave 9th Chest"
							},
							{
								"ref": "Lanayru Region/Lake Hylia/Lake Lantern Cave/10th Chest",
								"name": "Lake Lantern Cave 10th Chest"
							},
							{
								"ref": "Lanayru Region/Lake Hylia/Lake Lantern Cave/11th Chest",
								"name": "Lake Lantern Cave 11th Chest"
							},
							{
								"ref": "Lanayru Region/Lake Hylia/Lake Lantern Cave/12th Chest",
								"name": "Lake Lantern Cave 12th Chest"
							},
							{
								"ref": "Lanayru Region/Lake Hylia/Lake Lantern Cave/13th Chest",
								"name": "Lake Lantern Cave 13th Chest"
							},
							{
								"ref": "Lanayru Region/Lake Hylia/Lake Lantern Cave/14th Chest",
								"name": "Lake Lantern Cave 14th Chest"
							},
							{
								"ref": "Lanayru Region/Lake Hylia/Lake Lantern Cave/End Lantern Chest",
								"name": "Lake Lantern Cave End Lantern Chest"
							},
							{
								"ref": "Lanayru Region/Lake Hylia/Underwater Chest/",
								"name": "Underwater Chest"
							},
							{
								"ref": "Lanayru Region/Lake Hylia/Left Statue Chest/",
								"name": "Left Statue Chest"
							},
							{
								"ref": "Lanayru Region/Lake Hylia/Right Statue/",
								"name": "Right Statue"
							},
							{
								"ref": "Lanayru Region/Lake Hylia/Lanayru Spring/Underwater Left Chest",
								"name": "Lanayru Spring Underwater Left Chest"
							},
							{
								"ref": "Lanayru Region/Lake Hylia/Lanayru Spring/Underwater Right Chest",
								"name": "Lanayru Spring Underwater Right Chest"
							},
							{
								"ref": "Lanayru Region/Lake Hylia/Lanayru Spring/Back Room Left Chest",
								"name": "Lanayru Spring Back Room Left Chest"
							},
							{
								"ref": "Lanayru Region/Lake Hylia/Lanayru Spring/Back Room Right Chest",
								"name": "Lanayru Spring Back Room Right Chest"
							},
							{
								"ref": "Lanayru Region/Lake Hylia/Lanayru Spring/Back Room Lantern Chest",
								"name": "Lanayru Spring Back Room Lantern Chest"
							},
							{
								"ref": "Lanayru Region/Lake Hylia/Lanayru Spring/West Double Clawshot Chest",
								"name": "Lanayru Spring West Double Clawshot Chest"
							},
							{
								"ref": "Lanayru Region/Lake Hylia/Lanayru Spring/East Double Clawshot Chest",
								"name": "Lanayru Spring East Double Clawshot Chest"
							},
							{
								"ref": "Lanayru Region/Lake Hylia Poes/Lake Hylia Bridge Cliff Poe/",
								"name": "Lake Hylia Bridge Cliff Poe"
							},
							{
								"ref": "Lanayru Region/Lake Hylia Poes/Dock Poe/",
								"name": "Dock Poe"
							},
							{
								"ref": "Lanayru Region/Lake Hylia Poes/Grotto Ledge Poe/",
								"name": "Grotto Ledge Poe"
							},
							{
								"ref": "Lanayru Region/Lake Hylia Poes/Isle of Riches Poe/",
								"name": "Isle of Riches Poe"
							},
							{
								"ref": "Lanayru Region/Lake Hylia Poes/Tower Poe/",
								"name": "Tower Poe"
							},
							{
								"ref": "Lanayru Region/Lake Hylia Poes/Lake Lantern Cave/1st Poe",
								"name": "Lake Lantern Cave 1st Poe"
							},
							{
								"ref": "Lanayru Region/Lake Hylia Poes/Lake Lantern Cave/2nd Poe",
								"name": "Lake Lantern Cave 2nd Poe"
							},
							{
								"ref": "Lanayru Region/Lake Hylia Poes/Lake Lantern Cave/Final Poe",
								"name": "Lake Lantern Cave Final Poe"
							},
							{
								"ref": "Lanayru Region/Lake Hylia Poes/Alcove Poe/",
								"name": "Alcove Poe"
							},
							{
								"ref": "Lanayru Region/Lake Hylia Bugs/Male Mantis/",
								"name": "Male Mantis"
							},
							{
								"ref": "Lanayru Region/Lake Hylia Bugs/Female Mantis/",
								"name": "Female Mantis"
							},
							{
								"ref": "Lanayru Region/Lake Hylia Golden Wolves/Gerudo Desert Stone/",
								"name": "Gerudo Desert Stone"
							},
							{
								"ref": "Lanayru Region/Lake Hylia Hint Signs/Bridge Hint Sign/",
								"name": "Bridge Hint Sign"
							},
							{
								"ref": "Lanayru Region/Lake Hylia Hint Signs/Lake Hint Sign/",
								"name": "Lake Hint Sign"
							},
							{
								"ref": "Lanayru Region/Lake Hylia Hint Signs/Spring Hint Sign/",
								"name": "Spring Hint Sign"
							}
						]
					},
					{
						"name": "Lanayru Field",
						"map_locations": [
							{
								"map": "overworld",
								"x": 998,
								"y": 506
							}
						],
						"sections": [
							{
								"ref": "Lanayru Region/Lanayru Field/Spinner Track Chest/",
								"name": "Spinner Track Chest"
							},
							{
								"ref": "Lanayru Region/Lanayru Field/Behind Gate Underwater Chest/",
								"name": "Behind Gate Underwater Chest"
							},
							{
								"ref": "Lanayru Region/Lanayru Field/Skulltula Grotto Chest/",
								"name": "Skulltula Grotto Chest"
							},
							{
								"ref": "Lanayru Region/Lanayru Field/Ice Block Puzzle Cave Chest/",
								"name": "Ice Block Puzzle Cave Chest"
							},
							{
								"ref": "Lanayru Region/Lanayru Field Poes/Bridge Poe/",
								"name": "Bridge Poe"
							},
							{
								"ref": "Lanayru Region/Lanayru Field Poes/Grotto/Left Poe",
								"name": "Grotto Left Poe"
							},
							{
								"ref": "Lanayru Region/Lanayru Field Poes/Grotto/Right Poe",
								"name": "Grotto Right Poe"
							},
							{
								"ref": "Lanayru Region/Lanayru Field Bugs/Female Stag Beetle/",
								"name": "Female Stag Beetle"
							},
							{
								"ref": "Lanayru Region/Lanayru Field Bugs/Male Stag Beetle/",
								"name": "Male Stag Beetle"
							},
							{
								"ref": "Lanayru Region/Lanayru Field Hint Signs/Hint Sign/",
								"name": "Hint Sign"
							}
						]
					},
					{
						"name": "South Castle Town",
						"map_locations": [
							{
								"map": "overworld",
								"x": 965,
								"y": 932
							}
						],
						"sections": [
							{
								"ref": "Lanayru Region/South Castle Town/Tektite Grotto Chest/",
								"name": "Tektite Grotto Chest"
							},
							{
								"ref": "Lanayru Region/South Castle Town/Tightrope Chest/",
								"name": "Tightrope Chest"
							},
							{
								"ref": "Lanayru Region/South Castle Town/Fountain Chest/",
								"name": "Fountain Chest"
							},
							{
								"ref": "Lanayru Region/South Castle Town/Double Clawshot Chasm Chest/",
								"name": "Double Clawshot Chasm Chest"
							},
							{
								"ref": "Lanayru Region/South Castle Town/Wooden Statue/",
								"name": "Wooden Statue"
							},
							{
								"ref": "Lanayru Region/South Castle Town Poes/Outside South Castle Town Poe/",
								"name": "Outside South Castle Town Poe"
							},
							{
								"ref": "Lanayru Region/South Castle Town Bugs/Female Ladybug/",
								"name": "Female Ladybug"
							},
							{
								"ref": "Lanayru Region/South Castle Town Bugs/Male Ladybug/",
								"name": "Male Ladybug"
							},
							{
								"ref": "Lanayru Region/South Castle Town Golden Wolves/Golden Wolf/",
								"name": "Golden Wolf"
							},
							{
								"ref": "Lanayru Region/South Castle Town Hint Signs/Hint Sign/",
								"name": "Hint Sign"
							}
						]
					},
					{
						"name": "Upper Zora's River",
						"map_locations": [
							{
								"map": "overworld",
								"x": 1214,
								"y": 178
							}
						],
						"sections": [
							{
								"ref": "Lanayru Region/Upper Zora's River/Iza/Helping Hand",
								"name": "Iza Helping Hand"
							},
							{
								"ref": "Lanayru Region/Upper Zora's River/Iza/Raging Rapids Minigame",
								"name": "Iza Raging Rapids Minigame"
							},
							{
								"ref": "Lanayru Region/Upper Zora's River/Fishing Hole Bottle/",
								"name": "Fishing Hole Bottle"
							},
							{
								"ref": "Lanayru Region/Upper Zora's River/Fishing Hole Heart Piece/",
								"name": "Fishing Hole Heart Piece"
							},
							{
								"ref": "Lanayru Region/Upper Zora's River Poes/Upper Zora's River Poe/",
								"name": "Upper Zora's River Poe"
							},
							{
								"ref": "Lanayru Region/Upper Zora's River Bugs/Female Dragonfly/",
								"name": "Female Dragonfly"
							},
							{
								"ref": "Lanayru Region/Upper Zora's River Golden Wolves/West Castle Town Stone/",
								"name": "West Castle Town Stone"
							},
							{
								"ref": "Lanayru Region/Upper Zora's River Hint Signs/Hint Sign/",
								"name": "Hint Sign"
							}
						]
					},
					{
						"name": "Zora's Domain",
						"map_locations": [
							{
								"map": "overworld",
								"x": 992,
								"y": 119
							}
						],
						"sections": [
							{
								"ref": "Lanayru Region/Zora's Domain/Chest Behind Waterfall/",
								"name": "Chest Behind Waterfall"
							},
							{
								"ref": "Lanayru Region/Zora's Domain/Chest By Mother and Child Isles/",
								"name": "Chest By Mother and Child Isles"
							},
							{
								"ref": "Lanayru Region/Zora's Domain/Underwater Goron/",
								"name": "Underwater Goron"
							},
							{
								"ref": "Lanayru Region/Zora's Domain/Light All Torches Chest/",
								"name": "Light All Torches Chest"
							},
							{
								"ref": "Lanayru Region/Zora's Domain/Extinguish All Torches Chest/",
								"name": "Extinguish All Torches Chest"
							},
							{
								"ref": "Lanayru Region/Zora's Domain Poes/Mother and Child Isle Poe/",
								"name": "Mother and Child Isle Poe"
							},
							{
								"ref": "Lanayru Region/Zora's Domain Poes/Waterfall Poe/",
								"name": "Waterfall Poe"
							},
							{
								"ref": "Lanayru Region/Zora's Domain Bugs/Male Dragonfly/",
								"name": "Male Dragonfly"
							},
							{
								"ref": "Lanayru Region/Zora's Domain Hint Signs/Hint Sign/",
								"name": "Hint Sign"
							}
						]
					}
				]
			},
			{
				"name": "Ordon",
				"map_locations": [
					{
						"map": "overworld",
						"x": 1010,
						"y": 1858
					}
				],
				"sections": [
					{
						"ref": "Ordon/Link's House/Wooden Sword Chest",
						"name": "Link's House Wooden Sword Chest"
					},
					{
						"ref": "Ordon/Link's House/Basement Chest",
						"name": "Link's House Basement Chest"
					},
					{
						"ref": "Ordon/Rusl's House/Uli Cradle Delivery",
						"name": "Rusl's House Uli Cradle Delivery"
					},
					{
						"ref": "Ordon/Rusl's House/Ordon Sword",
						"name": "Rusl's House Ordon Sword"
					},
					{
						"ref": "Ordon/Sera's Shop/Sera Shop Slingshot",
						"name": "Sera's Shop Sera Shop Slingshot"
					},
					{
						"ref": "Ordon/Sera's Shop/Ordon Cat Rescue",
						"name": "Sera's Shop Ordon Cat Rescue"
					},
					{
						"ref": "Ordon/Ordon Shield/",
						"name": "Ordon Shield"
					},
					{
						"ref": "Ordon/Wrestling With Bo/",
						"name": "Wrestling With Bo"
					},
					{
						"ref": "Ordon/Herding Goats Reward/",
						"name": "Herding Goats Reward"
					},
					{
						"ref": "Ordon/Ranch Grotto Lantern Chest/",
						"name": "Ranch Grotto Lantern Chest"
					},
					{
						"ref": "Ordon Golden Wolves/Golden Wolf/",
						"name": "Golden Wolf"
					},
					{
						"ref": "Ordon Hint Signs/Hint Sign/",
						"name": "Hint Sign"
					}
				]
			},
			{
				"name": "Sacred Grove",
				"map_locations": [
					{
						"map": "overworld",
						"x": 658,
						"y": 1486
					}
				],
				"sections": [
					{
						"ref": "Sacred Grove/Pedestal/Master Sword",
						"name": "Pedestal Master Sword"
					},
					{
						"ref": "Sacred Grove/Pedestal/Shadow Crystal",
						"name": "Pedestal Shadow Crystal"
					},
					{
						"ref": "Sacred Grove/Past Owl Statue Chest/",
						"name": "Past Owl Statue Chest"
					},
					{
						"ref": "Sacred Grove/Spinner Chest/",
						"name": "Spinner Chest"
					},
					{
						"ref": "Sacred Grove/Baba Serpent Grotto Chest/",
						"name": "Baba Serpent Grotto Chest"
					},
					{
						"ref": "Sacred Grove/Lost Woods Lantern Chest/",
						"name": "Lost Woods Lantern Chest"
					},
					{
						"ref": "Sacred Grove Poes/Master Sword Poe/",
						"name": "Master Sword Poe"
					},
					{
						"ref": "Sacred Grove Poes/Past Owl Statue Poe/",
						"name": "Past Owl Statue Poe"
					},
					{
						"ref": "Sacred Grove Poes/Lost Woods Boulder Poe/",
						"name": "Lost Woods Boulder Poe"
					},
					{
						"ref": "Sacred Grove Poes/Lost Woods Waterfall Poe/",
						"name": "Lost Woods Waterfall Poe"
					},
					{
						"ref": "Sacred Grove Bugs/Bugs/Present - Male Snail",
						"name": "Bugs Present - Male Snail"
					},
					{
						"ref": "Sacred Grove Bugs/Bugs/Past - Female Snail",
						"name": "Bugs Past - Female Snail"
					},
					{
						"ref": "Sacred Grove Hint Signs/Hint Sign/",
						"name": "Hint Sign"
					}
				]
			},
			{
				"name": "Snowpeak Mountain",
				"map_locations": [
					{
						"map": "overworld",
						"x": 691,
						"y": 91
					}
				],
				"sections": [
					{
						"ref": "Snowpeak Mountain/Ashei Sketch/",
						"name": "Ashei Sketch"
					},
					{
						"ref": "Snowpeak Mountain/Freezard Grotto Chest/",
						"name": "Freezard Grotto Chest"
					},
					{
						"ref": "Snowpeak Mountain/Cave Ice Lantern Chest/",
						"name": "Cave Ice Lantern Chest"
					},
					{
						"ref": "Snowpeak Mountain/Snowboard Racing Prize/",
						"name": "Snowboard Racing Prize"
					},
					{
						"ref": "Snowpeak Mountain Poes/Above Freezard Grotto Poe/",
						"name": "Above Freezard Grotto Poe"
					},
					{
						"ref": "Snowpeak Mountain Poes/Blizzard Poe/",
						"name": "Blizzard Poe"
					},
					{
						"ref": "Snowpeak Mountain Poes/Poe Among Trees/",
						"name": "Poe Among Trees"
					},
					{
						"ref": "Snowpeak Mountain Poes/Cave Ice Poe/",
						"name": "Cave Ice Poe"
					},
					{
						"ref": "Snowpeak Mountain Poes/Icy Summit Poe/",
						"name": "Icy Summit Poe"
					},
					{
						"ref": "Snowpeak Mountain Golden Wolves/Kakariko Graveyard Stone/",
						"name": "Kakariko Graveyard Stone"
					},
					{
						"ref": "Snowpeak Mountain Hint Signs/Hint Sign/",
						"name": "Hint Sign"
					}
				]
			},
			{
				"name": "Dungeons",
				"children": [
					{
						"name": "Arbiter's Grounds",
						"map_locations": [
							{
								"map": "overworld",
								"x": 123,
								"y": 817,
								"size": 40
							}
						],
						"sections": [
							{
								"ref": "Arbiter's Grounds/1F/Big Key Chest/",
								"name": "Big Key Chest"
							},
							{
								"ref": "Arbiter's Grounds/B2/Death Sword Chest/",
								"name": "Death Sword Chest"
							},
							{
								"ref": "Arbiter's Grounds/4F/Stallord Boss/Dungeon Reward",
								"name": "Stallord Boss Dungeon Reward"
							},
							{
								"ref": "Arbiter's Grounds/B1/East Lower Turnable Redead Chest/",
								"name": "East Lower Turnable Redead Chest"
							},
							{
								"ref": "Arbiter's Grounds/Poes1F/East Turning Room Poe/",
								"name": "East Turning Room Poe"
							},
							{
								"ref": "Arbiter's Grounds/2F/East Upper Turnable Chest/",
								"name": "East Upper Turnable Chest"
							},
							{
								"ref": "Arbiter's Grounds/2F/East Upper Turnable Redead Chest/",
								"name": "East Upper Turnable Redead Chest"
							},
							{
								"ref": "Arbiter's Grounds/1F/Entrance Chest/",
								"name": "Entrance Chest"
							},
							{
								"ref": "Arbiter's Grounds/2F/Ghoul Rat Room Chest/",
								"name": "Ghoul Rat Room Chest"
							},
							{
								"ref": "Arbiter's Grounds/Poes2F/Hidden Wall Poe/",
								"name": "Hidden Wall Poe"
							},
							{
								"ref": "Arbiter's Grounds/B1/North Turning Room Chest/",
								"name": "North Turning Room Chest"
							},
							{
								"ref": "Arbiter's Grounds/B2/Spinner Room First Small Chest/",
								"name": "Spinner Room First Small Chest"
							},
							{
								"ref": "Arbiter's Grounds/B2/Spinner Room Lower Central Small Chest/",
								"name": "Spinner Room Lower Central Small Chest"
							},
							{
								"ref": "Arbiter's Grounds/B1/Spinner Room Lower North Chest/",
								"name": "Spinner Room Lower North Chest"
							},
							{
								"ref": "Arbiter's Grounds/B2/Spinner Room Second Small Chest/",
								"name": "Spinner Room Second Small Chest"
							},
							{
								"ref": "Arbiter's Grounds/B2/Spinner Room Stalfos Alcove Chest/",
								"name": "Spinner Room Stalfos Alcove Chest"
							},
							{
								"ref": "Arbiter's Grounds/4F/Stallord Boss/Stallord Heart Container",
								"name": "Stallord Boss Stallord Heart Container"
							},
							{
								"ref": "Arbiter's Grounds/1F/Torch Room East Chest/",
								"name": "Torch Room East Chest"
							},
							{
								"ref": "Arbiter's Grounds/Poes1F/Torch Room Poe/",
								"name": "Torch Room Poe"
							},
							{
								"ref": "Arbiter's Grounds/1F/Torch Room West Chest/",
								"name": "Torch Room West Chest"
							},
							{
								"ref": "Arbiter's Grounds/1F/West Chandelier Chest/",
								"name": "West Chandelier Chest"
							},
							{
								"ref": "Arbiter's Grounds/Poes2F/West Poe/",
								"name": "West Poe"
							},
							{
								"ref": "Arbiter's Grounds/1F/West Small Chest Behind Block/",
								"name": "West Small Chest Behind Block"
							},
							{
								"ref": "Arbiter's Grounds/1F/West Stalfos Northeast Chest/",
								"name": "West Stalfos Northeast Chest"
							},
							{
								"ref": "Arbiter's Grounds/1F/West Stalfos West Chest/",
								"name": "West Stalfos West Chest"
							},
							{
								"ref": "Arbiter's Grounds/Hint Signs/Hint Sign/",
								"name": "Hint Sign"
							}
						]
					},
					{
						"name": "City in the Sky",
						"map_locations": [
							{
								"map": "overworld",
								"x": 643,
								"y": 1089,
								"size": 40
							}
						],
						"sections": [
							{
								"ref": "City in the Sky/B3/Aeralfos Chest/",
								"name": "Aeralfos Chest"
							},
							{
								"ref": "City in the Sky/5F/Argorok Boss/Argorok Heart Container",
								"name": "Argorok Boss Argorok Heart Container"
							},
							{
								"ref": "City in the Sky/2F/Baba Tower Alcove Chest/",
								"name": "Baba Tower Alcove Chest"
							},
							{
								"ref": "City in the Sky/2F/Baba Tower Narrow Ledge Chest/",
								"name": "Baba Tower Narrow Ledge Chest"
							},
							{
								"ref": "City in the Sky/3F/Baba Tower Top Small Chest/",
								"name": "Baba Tower Top Small Chest"
							},
							{
								"ref": "City in the Sky/4F/Big Key Chest/",
								"name": "Big Key Chest"
							},
							{
								"ref": "City in the Sky/4F/Central Outside Ledge Chest/",
								"name": "Central Outside Ledge Chest"
							},
							{
								"ref": "City in the Sky/4F/Central Outside Poe Island Chest/",
								"name": "Central Outside Poe Island Chest"
							},
							{
								"ref": "City in the Sky/1F/Chest Behind North Fan/",
								"name": "Chest Behind North Fan"
							},
							{
								"ref": "City in the Sky/3F/Chest Below Big Key Chest/",
								"name": "Chest Below Big Key Chest"
							},
							{
								"ref": "City in the Sky/5F/Argorok Boss/Dungeon Reward",
								"name": "Argorok Boss Dungeon Reward"
							},
							{
								"ref": "City in the Sky/1F/East First Wing Chest After Fans/",
								"name": "East First Wing Chest After Fans"
							},
							{
								"ref": "City in the Sky/1F/East Tile Worm Small Chest/",
								"name": "East Tile Worm Small Chest"
							},
							{
								"ref": "City in the Sky/2F/East Wing After Dinalfos Alcove Chest/",
								"name": "East Wing After Dinalfos Alcove Chest"
							},
							{
								"ref": "City in the Sky/2F/East Wing After Dinalfos Ledge Chest/",
								"name": "East Wing After Dinalfos Ledge Chest"
							},
							{
								"ref": "City in the Sky/B1/East Wing Lower Level Chest/",
								"name": "East Wing Lower Level Chest"
							},
							{
								"ref": "City in the Sky/Poes2F/Garden Island Poe/",
								"name": "Garden Island Poe"
							},
							{
								"ref": "City in the Sky/Poes4F/Poe Above Central Fan/",
								"name": "Poe Above Central Fan"
							},
							{
								"ref": "City in the Sky/1F/Underwater East Chest/",
								"name": "Underwater East Chest"
							},
							{
								"ref": "City in the Sky/1F/Underwater West Chest/",
								"name": "Underwater West Chest"
							},
							{
								"ref": "City in the Sky/3F/West Garden Corner Chest/",
								"name": "West Garden Corner Chest"
							},
							{
								"ref": "City in the Sky/3F/West Garden Ledge Chest/",
								"name": "West Garden Ledge Chest"
							},
							{
								"ref": "City in the Sky/2F/West Garden Lone Island Chest/",
								"name": "West Garden Lone Island Chest"
							},
							{
								"ref": "City in the Sky/2F/West Garden Lower Chest/",
								"name": "West Garden Lower Chest"
							},
							{
								"ref": "City in the Sky/B1/West Wing Baba Balcony Chest/",
								"name": "West Wing Baba Balcony Chest"
							},
							{
								"ref": "City in the Sky/1F/West Wing First Chest/",
								"name": "West Wing First Chest"
							},
							{
								"ref": "City in the Sky/1F/West Wing Narrow Ledge Chest/",
								"name": "West Wing Narrow Ledge Chest"
							},
							{
								"ref": "City in the Sky/1F/West Wing Tile Worm Chest/",
								"name": "West Wing Tile Worm Chest"
							},
							{
								"ref": "City in the Sky/Hint Signs/Hint Sign",
								"name": "Hint Sign"
							}
						]
					},
					{
						"name": "Forest Temple",
						"map_locations": [
							{
								"map": "overworld",
								"x": 840,
								"y": 1423,
								"size": 40
							}
						],
						"sections": [
							{
								"ref": "Forest Temple/1F/Big Baba Key/",
								"name": "Big Baba Key"
							},
							{
								"ref": "Forest Temple/1F/Big Key Chest/",
								"name": "Big Key Chest"
							},
							{
								"ref": "Forest Temple/1F/Central Chest Behind Stairs/",
								"name": "Central Chest Behind Stairs"
							},
							{
								"ref": "Forest Temple/1F/Central Chest Hanging From Web/",
								"name": "Central Chest Hanging From Web"
							},
							{
								"ref": "Forest Temple/1F/Central North Chest/",
								"name": "Central North Chest"
							},
							{
								"ref": "Forest Temple/1F/Diababa Boss/Diababa Heart Container",
								"name": "Diababa Boss Diababa Heart Container"
							},
							{
								"ref": "Forest Temple/1F/Diababa Boss/Dungeon Reward",
								"name": "Diababa Boss Dungeon Reward"
							},
							{
								"ref": "Forest Temple/1F/East Tile Worm Chest/",
								"name": "East Tile Worm Chest"
							},
							{
								"ref": "Forest Temple/1F/East Water Cave Chest/",
								"name": "East Water Cave Chest"
							},
							{
								"ref": "Forest Temple/1F/Entrance Vines Chest/",
								"name": "Entrance Vines Chest"
							},
							{
								"ref": "Forest Temple/1F/Gale Boomerang/",
								"name": "Gale Boomerang"
							},
							{
								"ref": "Forest Temple/1F/North Deku Like Chest/",
								"name": "North Deku Like Chest"
							},
							{
								"ref": "Forest Temple/1F/Second Monkey Under Bridge Chest/",
								"name": "Second Monkey Under Bridge Chest"
							},
							{
								"ref": "Forest Temple/1F/Totem Pole Chest/",
								"name": "Totem Pole Chest"
							},
							{
								"ref": "Forest Temple/1F/West Deku Like Chest/",
								"name": "West Deku Like Chest"
							},
							{
								"ref": "Forest Temple/1F/West Tile Worm Chest Behind Stairs/",
								"name": "West Tile Worm Chest Behind Stairs"
							},
							{
								"ref": "Forest Temple/1F/West Tile Worm Room Vines Chest/",
								"name": "West Tile Worm Room Vines Chest"
							},
							{
								"ref": "Forest Temple/1F/Windless Bridge Chest/",
								"name": "Windless Bridge Chest"
							},
							{
								"ref": "Forest Temple/Hint Signs/Hint Sign/",
								"name": "Hint Sign"
							}
						]
					},
					{
						"name": "Goron Mines",
						"map_locations": [
							{
								"map": "overworld",
								"x": 1672,
								"y": 748,
								"size": 40
							}
						],
						"sections": [
							{
								"ref": "Goron Mines/2F/After Crystal Switch Room Magnet Wall Chest/",
								"name": "After Crystal Switch Room Magnet Wall Chest"
							},
							{
								"ref": "Goron Mines/2F/Beamos Room Chest/",
								"name": "Beamos Room Chest"
							},
							{
								"ref": "Goron Mines/2F/Chest Before Dangoro/",
								"name": "Chest Before Dangoro"
							},
							{
								"ref": "Goron Mines/2F/Crystal Switch Room Small Chest/",
								"name": "Crystal Switch Room Small Chest"
							},
							{
								"ref": "Goron Mines/2F/Crystal Switch Room Underwater Chest/",
								"name": "Crystal Switch Room Underwater Chest"
							},
							{
								"ref": "Goron Mines/2F/Dangoro Chest/",
								"name": "Dangoro Chest"
							},
							{
								"ref": "Goron Mines/2F/Fyrus Boss/Dungeon Reward",
								"name": "Fyrus Boss Dungeon Reward"
							},
							{
								"ref": "Goron Mines/1F/Entrance Chest/",
								"name": "Entrance Chest"
							},
							{
								"ref": "Goron Mines/2F/Fyrus Boss/Fyrus Heart Container",
								"name": "Fyrus Boss Fyrus Heart Container"
							},
							{
								"ref": "Goron Mines/1F/Gor Amato Chest/",
								"name": "Gor Amato Chest"
							},
							{
								"ref": "Goron Mines/1F/Gor Amato Key Shard/",
								"name": "Gor Amato Key Shard"
							},
							{
								"ref": "Goron Mines/1F/Gor Amato Small Chest/",
								"name": "Gor Amato Small Chest"
							},
							{
								"ref": "Goron Mines/2F/Gor Ebizo Chest/",
								"name": "Gor Ebizo Chest"
							},
							{
								"ref": "Goron Mines/2F/Gor Ebizo Key Shard/",
								"name": "Gor Ebizo Key Shard"
							},
							{
								"ref": "Goron Mines/2F/Gor Liggs Chest/",
								"name": "Gor Liggs Chest"
							},
							{
								"ref": "Goron Mines/2F/Gor Liggs Key Shard/",
								"name": "Gor Liggs Key Shard"
							},
							{
								"ref": "Goron Mines/1F/Magnet Maze Chest/",
								"name": "Magnet Maze Chest"
							},
							{
								"ref": "Goron Mines/1F/Main Magnet Room Bottom Chest/",
								"name": "Main Magnet Room Bottom Chest"
							},
							{
								"ref": "Goron Mines/2F/Main Magnet Room Top Chest/",
								"name": "Main Magnet Room Top Chest"
							},
							{
								"ref": "Goron Mines/2F/Outside Beamos Chest/",
								"name": "Outside Beamos Chest"
							},
							{
								"ref": "Goron Mines/2F/Outside Clawshot Chest/",
								"name": "Outside Clawshot Chest"
							},
							{
								"ref": "Goron Mines/2F/Outside Underwater Chest/",
								"name": "Outside Underwater Chest"
							},
							{
								"ref": "Goron Mines/Hint Signs/Hint Sign/",
								"name": "Hint Sign"
							}
						]
					},
					{
						"name": "Hyrule Castle",
						"map_locations": [
							{
								"map": "overworld",
								"x": 965,
								"y": 753,
								"size": 40
							}
						],
						"sections": [
							{
								"ref": "Hyrule Castle/2F/Big Key Chest/",
								"name": "Big Key Chest"
							},
							{
								"ref": "Hyrule Castle/2F/East Wing Balcony Chest/",
								"name": "East Wing Balcony Chest"
							},
							{
								"ref": "Hyrule Castle/1F/East Wing Boomerang Puzzle Chest/",
								"name": "East Wing Boomerang Puzzle Chest"
							},
							{
								"ref": "Hyrule Castle/1F/Graveyard Switch Room/Back Left Chest",
								"name": "Graveyard Switch Room Back Left Chest"
							},
							{
								"ref": "Hyrule Castle/1F/Graveyard Switch Room/Front Left Chest",
								"name": "Graveyard Switch Room Front Left Chest"
							},
							{
								"ref": "Hyrule Castle/1F/Graveyard Switch Room/Right Chest",
								"name": "Graveyard Switch Room Right Chest"
							},
							{
								"ref": "Hyrule Castle/1F/Graveyard Owl Statue Chest/",
								"name": "Graveyard Owl Statue Chest"
							},
							{
								"ref": "Hyrule Castle/1F/King Bulblin Key/",
								"name": "King Bulblin Key"
							},
							{
								"ref": "Hyrule Castle/2F/Lantern Staircase Chest/",
								"name": "Lantern Staircase Chest"
							},
							{
								"ref": "Hyrule Castle/2F/Main Hall Northeast Chest/",
								"name": "Main Hall Northeast Chest"
							},
							{
								"ref": "Hyrule Castle/2F/Main Hall Northwest Chest/",
								"name": "Main Hall Northwest Chest"
							},
							{
								"ref": "Hyrule Castle/2F/Main Hall Southwest Chest/",
								"name": "Main Hall Southwest Chest"
							},
							{
								"ref": "Hyrule Castle/2F/Southeast Balcony Tower Chest/",
								"name": "Southeast Balcony Tower Chest"
							},
							{
								"ref": "Hyrule Castle/4F/Treasure Room/Eighth Small Chest",
								"name": "Treasure Room Eighth Small Chest"
							},
							{
								"ref": "Hyrule Castle/4F/Treasure Room/Fifth Chest",
								"name": "Treasure Room Fifth Chest"
							},
							{
								"ref": "Hyrule Castle/4F/Treasure Room/Fifth Small Chest",
								"name": "Treasure Room Fifth Small Chest"
							},
							{
								"ref": "Hyrule Castle/4F/Treasure Room/First Chest",
								"name": "Treasure Room First Chest"
							},
							{
								"ref": "Hyrule Castle/4F/Treasure Room/First Small Chest",
								"name": "Treasure Room First Small Chest"
							},
							{
								"ref": "Hyrule Castle/4F/Treasure Room/Fourth Chest",
								"name": "Treasure Room Fourth Chest"
							},
							{
								"ref": "Hyrule Castle/4F/Treasure Room/Fourth Small Chest",
								"name": "Treasure Room Fourth Small Chest"
							},
							{
								"ref": "Hyrule Castle/4F/Treasure Room/Second Chest",
								"name": "Treasure Room Second Chest"
							},
							{
								"ref": "Hyrule Castle/4F/Treasure Room/Second Small Chest",
								"name": "Treasure Room Second Small Chest"
							},
							{
								"ref": "Hyrule Castle/4F/Treasure Room/Seventh Small Chest",
								"name": "Treasure Room Seventh Small Chest"
							},
							{
								"ref": "Hyrule Castle/4F/Treasure Room/Sixth Small Chest",
								"name": "Treasure Room Sixth Small Chest"
							},
							{
								"ref": "Hyrule Castle/4F/Treasure Room/Third Chest",
								"name": "Treasure Room Third Chest"
							},
							{
								"ref": "Hyrule Castle/4F/Treasure Room/Third Small Chest",
								"name": "Treasure Room Third Small Chest"
							},
							{
								"ref": "Hyrule Castle/1F/West Courtyard Central Small Chest/",
								"name": "West Courtyard Central Small Chest"
							},
							{
								"ref": "Hyrule Castle/1F/West Courtyard North Small Chest/",
								"name": "West Courtyard North Small Chest"
							},
							{
								"ref": "Hyrule Castle/Hint Signs/Hint Sign/",
								"name": "Hint Sign"
							}
						]
					},
					{
						"name": "Lakebed Temple",
						"map_locations": [
							{
								"map": "overworld",
								"x": 709,
								"y": 988,
								"size": 40
							}
						],
						"sections": [
							{
								"ref": "Lakebed Temple/1F/Before Deku Toad Alcove Chest/",
								"name": "Before Deku Toad Alcove Chest"
							},
							{
								"ref": "Lakebed Temple/B1/Before Deku Toad Underwater Left Chest/",
								"name": "Before Deku Toad Underwater Left Chest"
							},
							{
								"ref": "Lakebed Temple/B1/Before Deku Toad Underwater Right Chest/",
								"name": "Before Deku Toad Underwater Right Chest"
							},
							{
								"ref": "Lakebed Temple/B1/Big Key Chest/",
								"name": "Big Key Chest"
							},
							{
								"ref": "Lakebed Temple/1F/Central Room Chest/",
								"name": "Central Room Chest"
							},
							{
								"ref": "Lakebed Temple/1F/Central Room Small Chest/",
								"name": "Central Room Small Chest"
							},
							{
								"ref": "Lakebed Temple/B1/Central Room Spire Chest/",
								"name": "Central Room Spire Chest"
							},
							{
								"ref": "Lakebed Temple/2F/Chandelier Chest/",
								"name": "Chandelier Chest"
							},
							{
								"ref": "Lakebed Temple/1F/Deku Toad Chest/",
								"name": "Deku Toad Chest"
							},
							{
								"ref": "Lakebed Temple/B2/Morpheel Boss/Dungeon Reward",
								"name": "Morpheel Boss Dungeon Reward"
							},
							{
								"ref": "Lakebed Temple/B1/East Lower Waterwheel Bridge Chest/",
								"name": "East Lower Waterwheel Bridge Chest"
							},
							{
								"ref": "Lakebed Temple/B1/East Lower Waterwheel Stalactite Chest/",
								"name": "East Lower Waterwheel Stalactite Chest"
							},
							{
								"ref": "Lakebed Temple/2F/East Second Floor Southeast Chest/",
								"name": "East Second Floor Southeast Chest"
							},
							{
								"ref": "Lakebed Temple/2F/East Second Floor Southwest Chest/",
								"name": "East Second Floor Southwest Chest"
							},
							{
								"ref": "Lakebed Temple/4F/East Water Supply Clawshot Chest/",
								"name": "East Water Supply Clawshot Chest"
							},
							{
								"ref": "Lakebed Temple/4F/East Water Supply Small Chest/",
								"name": "East Water Supply Small Chest"
							},
							{
								"ref": "Lakebed Temple/2F/Lobby Left Chest/",
								"name": "Lobby Left Chest"
							},
							{
								"ref": "Lakebed Temple/2F/Lobby Rear Chest/",
								"name": "Lobby Rear Chest"
							},
							{
								"ref": "Lakebed Temple/B2/Morpheel Boss/Morpheel Heart Container",
								"name": "Morpheel Boss Morpheel Heart Container"
							},
							{
								"ref": "Lakebed Temple/2F/Stalactite Room Chest/",
								"name": "Stalactite Room Chest"
							},
							{
								"ref": "Lakebed Temple/1F/Underwater Maze Small Chest/",
								"name": "Underwater Maze Small Chest"
							},
							{
								"ref": "Lakebed Temple/1F/West Lower Small Chest/",
								"name": "West Lower Small Chest"
							},
							{
								"ref": "Lakebed Temple/2F/West Second Floor Central Small Chest/",
								"name": "West Second Floor Central Small Chest"
							},
							{
								"ref": "Lakebed Temple/2F/West Second Floor Northeast Chest/",
								"name": "West Second Floor Northeast Chest"
							},
							{
								"ref": "Lakebed Temple/2F/West Second Floor Southeast Chest/",
								"name": "West Second Floor Southeast Chest"
							},
							{
								"ref": "Lakebed Temple/2F/West Second Floor Southwest Underwater Chest/",
								"name": "West Second Floor Southwest Underwater Chest"
							},
							{
								"ref": "Lakebed Temple/4F/West Water Supply Chest/",
								"name": "West Water Supply Chest"
							},
							{
								"ref": "Lakebed Temple/4F/West Water Supply Small Chest/",
								"name": "West Water Supply Small Chest"
							},
							{
								"ref": "Lakebed Temple/Hint Signs/Hint Sign/",
								"name": "Hint Sign"
							}
						]
					},
					{
						"name": "Palace of Twilight",
						"map_locations": [
							{
								"map": "overworld",
								"x": 123,
								"y": 746,
								"size": 40
							}
						],
						"sections": [
							{
								"ref": "Palace of Twilight/3F/Big Key Chest/",
								"name": "Big Key Chest"
							},
							{
								"ref": "Palace of Twilight/2F/Central First Room Chest/",
								"name": "Central First Room Chest"
							},
							{
								"ref": "Palace of Twilight/3F/Central Outdoor Chest/",
								"name": "Central Outdoor Chest"
							},
							{
								"ref": "Palace of Twilight/3F/Central Tower Chest/",
								"name": "Central Tower Chest"
							},
							{
								"ref": "Palace of Twilight/1F/Collect Both Sols/",
								"name": "Collect Both Sols"
							},
							{
								"ref": "Palace of Twilight/1F/East Wing First Room East Alcove Chest/",
								"name": "East Wing First Room East Alcove Chest"
							},
							{
								"ref": "Palace of Twilight/1F/East Wing First Room North Small Chest/",
								"name": "East Wing First Room North Small Chest"
							},
							{
								"ref": "Palace of Twilight/1F/East Wing First Room West Alcove Chest/",
								"name": "East Wing First Room West Alcove Chest"
							},
							{
								"ref": "Palace of Twilight/1F/East Wing First Room Zant Head Chest/",
								"name": "East Wing First Room Zant Head Chest"
							},
							{
								"ref": "Palace of Twilight/1F/East Wing Second Room Northeast Chest/",
								"name": "East Wing Second Room Northeast Chest"
							},
							{
								"ref": "Palace of Twilight/1F/East Wing Second Room Northwest Chest/",
								"name": "East Wing Second Room Northwest Chest"
							},
							{
								"ref": "Palace of Twilight/1F/East Wing Second Room Southeast Chest/",
								"name": "East Wing Second Room Southeast Chest"
							},
							{
								"ref": "Palace of Twilight/1F/East Wing Second Room Southwest Chest/",
								"name": "East Wing Second Room Southwest Chest"
							},
							{
								"ref": "Palace of Twilight/1F/West Wing Chest Behind Wall of Darkness/",
								"name": "West Wing Chest Behind Wall of Darkness"
							},
							{
								"ref": "Palace of Twilight/1F/West Wing First Room Central Chest/",
								"name": "West Wing First Room Central Chest"
							},
							{
								"ref": "Palace of Twilight/1F/West Wing Second Room Central Chest/",
								"name": "West Wing Second Room Central Chest"
							},
							{
								"ref": "Palace of Twilight/1F/West Wing Second Room Lower South Chest/",
								"name": "West Wing Second Room Lower South Chest"
							},
							{
								"ref": "Palace of Twilight/1F/West Wing Second Room Southeast Chest/",
								"name": "West Wing Second Room Southeast Chest"
							},
							{
								"ref": "Palace of Twilight/4F/Zant Boss/Zant Heart Container",
								"name": "Zant Boss Zant Heart Container"
							},
							{
								"ref": "Palace of Twilight/Hint Signs/Hint Sign/",
								"name": "Hint Sign"
							}
						]
					},
					{
						"name": "Snowpeak Ruins",
						"map_locations": [
							{
								"map": "overworld",
								"x": 251,
								"y": 524,
								"size": 40
							}
						],
						"sections": [
							{
								"ref": "Snowpeak Ruins/1F/Ball and Chain/",
								"name": "Ball and Chain"
							},
							{
								"ref": "Snowpeak Ruins/3F/Blizzeta Boss/Blizzeta Heart Container",
								"name": "Blizzeta Boss Blizzeta Heart Container"
							},
							{
								"ref": "Snowpeak Ruins/1F/Broken Floor Chest/",
								"name": "Broken Floor Chest"
							},
							{
								"ref": "Snowpeak Ruins/2F/Chapel Chest/",
								"name": "Chapel Chest"
							},
							{
								"ref": "Snowpeak Ruins/1F/Chest After Darkhammer/",
								"name": "Chest After Darkhammer"
							},
							{
								"ref": "Snowpeak Ruins/1F/Courtyard Central Chest/",
								"name": "Courtyard Central Chest"
							},
							{
								"ref": "Snowpeak Ruins/3F/Blizzeta Boss/Dungeon Reward",
								"name": "Blizzeta Boss Dungeon Reward"
							},
							{
								"ref": "Snowpeak Ruins/1F/East Courtyard Buried Chest/",
								"name": "East Courtyard Buried Chest"
							},
							{
								"ref": "Snowpeak Ruins/1F/East Courtyard Chest/",
								"name": "East Courtyard Chest"
							},
							{
								"ref": "Snowpeak Ruins/Poes2F/Ice Room Poe/",
								"name": "Ice Room Poe"
							},
							{
								"ref": "Snowpeak Ruins/Poes1F/Lobby Armor Poe/",
								"name": "Lobby Armor Poe"
							},
							{
								"ref": "Snowpeak Ruins/2F/Lobby Chandelier Chest/",
								"name": "Lobby Chandelier Chest"
							},
							{
								"ref": "Snowpeak Ruins/1F/Lobby East Armor Chest/",
								"name": "Lobby East Armor Chest"
							},
							{
								"ref": "Snowpeak Ruins/Poes1F/Lobby Poe/",
								"name": "Lobby Poe"
							},
							{
								"ref": "Snowpeak Ruins/1F/Lobby West Armor Chest/",
								"name": "Lobby West Armor Chest"
							},
							{
								"ref": "Snowpeak Ruins/1F/Mansion Map/",
								"name": "Mansion Map"
							},
							{
								"ref": "Snowpeak Ruins/2F/Northeast Chandelier Chest/",
								"name": "Northeast Chandelier Chest"
							},
							{
								"ref": "Snowpeak Ruins/1F/Ordon Pumpkin Chest/",
								"name": "Ordon Pumpkin Chest"
							},
							{
								"ref": "Snowpeak Ruins/1F/West Cannon Room Central Chest/",
								"name": "West Cannon Room Central Chest"
							},
							{
								"ref": "Snowpeak Ruins/1F/West Cannon Room Corner Chest/",
								"name": "West Cannon Room Corner Chest"
							},
							{
								"ref": "Snowpeak Ruins/1F/West Courtyard Buried Chest/",
								"name": "West Courtyard Buried Chest"
							},
							{
								"ref": "Snowpeak Ruins/1F/Wooden Beam Central Chest/",
								"name": "Wooden Beam Central Chest"
							},
							{
								"ref": "Snowpeak Ruins/2F/Wooden Beam Chandelier Chest/",
								"name": "Wooden Beam Chandelier Chest"
							},
							{
								"ref": "Snowpeak Ruins/1F/Wooden Beam Northwest Chest/",
								"name": "Wooden Beam Northwest Chest"
							},
							{
								"ref": "Snowpeak Ruins/Hint Signs/Hint Sign/",
								"name": "Hint Sign"
							}
						]
					},
					{
						"name": "Temple of Time",
						"map_locations": [
							{
								"map": "overworld",
								"x": 754,
								"y": 1473,
								"size": 40
							}
						],
						"sections": [
							{
								"ref": "Temple of Time/1F/Armogohma Boss/Armogohma Heart Container",
								"name": "Armogohma Boss Armogohma Heart Container"
							},
							{
								"ref": "Temple of Time/5F/Armos Antechamber East Chest/",
								"name": "Armos Antechamber East Chest"
							},
							{
								"ref": "Temple of Time/5F/Armos Antechamber North Chest/",
								"name": "Armos Antechamber North Chest"
							},
							{
								"ref": "Temple of Time/5F/Armos Antechamber Statue Chest/",
								"name": "Armos Antechamber Statue Chest"
							},
							{
								"ref": "Temple of Time/7F/Big Key Chest/",
								"name": "Big Key Chest"
							},
							{
								"ref": "Temple of Time/8F/Chest Before Darknut/",
								"name": "Chest Before Darknut"
							},
							{
								"ref": "Temple of Time/8F/Darknut Chest/",
								"name": "Darknut Chest"
							},
							{
								"ref": "Temple of Time/1F/Armogohma Boss/Dungeon Reward",
								"name": "Armogohma Boss Dungeon Reward"
							},
							{
								"ref": "Temple of Time/3F/First Staircase Armos Chest/",
								"name": "First Staircase Armos Chest"
							},
							{
								"ref": "Temple of Time/2F/First Staircase Gohma Gate Chest/",
								"name": "First Staircase Gohma Gate Chest"
							},
							{
								"ref": "Temple of Time/3F/First Staircase Window Chest/",
								"name": "First Staircase Window Chest"
							},
							{
								"ref": "Temple of Time/7F/Floor Switch Puzzle Room Upper Chest/",
								"name": "Floor Switch Puzzle Room Upper Chest"
							},
							{
								"ref": "Temple of Time/7F/Gilloutine Chest/",
								"name": "Gilloutine Chest"
							},
							{
								"ref": "Temple of Time/1F/Lobby Lantern Chest/",
								"name": "Lobby Lantern Chest"
							},
							{
								"ref": "Temple of Time/5F/Moving Wall Beamos Room Chest/",
								"name": "Moving Wall Beamos Room Chest"
							},
							{
								"ref": "Temple of Time/5F/Moving Wall Dinalfos Room Chest/",
								"name": "Moving Wall Dinalfos Room Chest"
							},
							{
								"ref": "Temple of Time/Poes7F/Poe Above Scales/",
								"name": "Poe Above Scales"
							},
							{
								"ref": "Temple of Time/Poes3F/Poe Behind Gate/",
								"name": "Poe Behind Gate"
							},
							{
								"ref": "Temple of Time/6F/Scales Gohma Chest/",
								"name": "Scales Gohma Chest"
							},
							{
								"ref": "Temple of Time/7F/Scales Upper Chest/",
								"name": "Scales Upper Chest"
							},
							{
								"ref": "Temple of Time/Hint Signs/Entrance Hint Sign/",
								"name": "Entrance Hint Sign"
							},
							{
								"ref": "Temple of Time/Hint Signs/Walls Hint Sign/",
								"name": "Walls Hint Sign"
							}
						]
					}
				]
			},
			{
				"name": "Go Mode",
				"map_locations": [
					{
						"map": "overworld",
						"x": 963,
						"y": 666,
						"size": 88
					}
				],
				"sections": [
					{
						"ref": "Hyrule Castle/5F/Victory/"
					}
				]
			}
		]
	}
]