{
	"layout_maps": {
		"type": "tabbed",
		"tabs": [
			{
				"title": "Overworld",
				"content": {
					"type": "tabbed",
					"tabs": [
						{
							"title": "Main Map",
							"type": "array",
							"orientation": "vertical",
							"content": [
								{
									"type": "map",
									"maps": [
										"overworld"
									]
								}
							]
						},
						{
							"title": "Faron",
							"content": {
								"type": "tabbed",
								"tabs": [
									{
										"title": "Faron Woods",
										"type": "array",
										"orientation": "vertical",
										"content": [
											{
												"type": "map",
												"maps": [
													"fw"
												]
											}
										]
									},
									{
										"title": "Faron Field",
										"type": "array",
										"orientation": "vertical",
										"content": [
											{
												"type": "map",
												"maps": [
													"ff"
												]
											}
										]
									}
								]
							}
						},
						{
							"title": "Eldin",
							"content": {
								"type": "tabbed",
								"tabs": [
									{
										"title": "Kakariko Gorge",
										"type": "array",
										"orientation": "vertical",
										"content": [
											{
												"type": "map",
												"maps": [
													"kg"
												]
											}
										]
									},
									{
										"title": "Kakariko",
										"type": "array",
										"orientation": "vertical",
										"content": [
											{
												"type": "map",
												"maps": [
													"kakariko"
												]
											}
										]
									},
									{
										"title": "Death Mountain",
										"type": "array",
										"orientation": "vertical",
										"content": [
											{
												"type": "map",
												"maps": [
													"dm"
												]
											}
										]
									},
									{
										"title": "Eldin Field",
										"type": "array",
										"orientation": "vertical",
										"content": [
											{
												"type": "map",
												"maps": [
													"ef"
												]
											}
										]
									},
									{
										"title": "North Eldin",
										"type": "array",
										"orientation": "vertical",
										"content": [
											{
												"type": "map",
												"maps": [
													"ne"
												]
											}
										]
									},
									{
										"title": "Hidden Village",
										"type": "array",
										"orientation": "vertical",
										"content": [
											{
												"type": "map",
												"maps": [
													"hv"
												]
											}
										]
									}
								]
							}
						},
						{
							"title": "Lanayru",
							"content": {
								"type": "tabbed",
								"tabs": [
									{
										"title": "Lake Hylia",
										"type": "array",
										"orientation": "vertical",
										"content": [
											{
												"type": "map",
												"maps": [
													"lh"
												]
											}
										]
									},
									{
										"title": "Lanayru Field",
										"type": "array",
										"orientation": "vertical",
										"content": [
											{
												"type": "map",
												"maps": [
													"lf"
												]
											}
										]
									},
									{
										"title": "Beside Castle Town",
										"type": "array",
										"orientation": "vertical",
										"content": [
											{
												"type": "map",
												"maps": [
													"bct"
												]
											}
										]
									},
									{
										"title": "South Castle Town",
										"type": "array",
										"orientation": "vertical",
										"content": [
											{
												"type": "map",
												"maps": [
													"sct"
												]
											}
										]
									},
									{
										"title": "Upper Zora's River",
										"type": "array",
										"orientation": "vertical",
										"content": [
											{
												"type": "map",
												"maps": [
													"uzr"
												]
											}
										]
									},
									{
										"title": "Zora's Domain",
										"type": "array",
										"orientation": "vertical",
										"content": [
											{
												"type": "map",
												"maps": [
													"zd"
												]
											}
										]
									}
								]
							}
						},
						{
							"title": "Ordon",
							"type": "array",
							"orientation": "vertical",
							"content": [
								{
									"type": "map",
									"maps": [
										"ordon"
									]
								}
							]
						},
						{
							"title": "Sacred Grove",
							"type": "array",
							"orientation": "vertical",
							"content": [
								{
									"type": "map",
									"maps": [
										"sg"
									]
								}
							]
						},
						{
							"title": "Snowpeak Mountain",
							"type": "array",
							"orientation": "vertical",
							"content": [
								{
									"type": "map",
									"maps": [
										"sm"
									]
								}
							]
						},
						{
							"title": "Gerudo Desert",
							"type": "array",
							"orientation": "vertical",
							"content": [
								{
									"type": "map",
									"maps": [
										"gd"
									]
								}
							]
						},
						{
							"title": "Castle Town",
							"type": "array",
							"orientation": "vertical",
							"content": [
								{
									"type": "map",
									"maps": [
										"ct"
									]
								}
							]
						}
					]
				}
			},
			{
				"title": "Forest Temple",
				"content": {
					"type": "array",
					"orientation": "vertical",
					"content": [
						{
							"type": "item",
							"item": "ftname",
							"max_width": 900,
							"item_h_alignment": "center",
							"item_v_alignment": "center"
						},
						{
							"type": "tabbed",
							"tabs": [
								{
									"title": "Full Map",
									"type": "array",
									"orientation": "vertical",
									"content": [
										{
											"type": "map",
											"background": "#1D1A14",
											"maps": [
												"ftfull"
											]
										}
									]
								},
								{
									"title": "1F",
									"type": "array",
									"orientation": "vertical",
									"content": [
										{
											"type": "map",
											"background": "#1D1A14",
											"maps": [
												"ft1f"
											]
										}
									]
								}
							]
						}
					]
				}
			},
			{
				"title": "Goron Mines",
				"content": {
					"type": "array",
					"orientation": "vertical",
					"content": [
						{
							"type": "item",
							"item": "gmname",
							"max_width": 900,
							"item_h_alignment": "center",
							"item_v_alignment": "center"
						},
						{
							"type": "tabbed",
							"tabs": [
								{
									"title": "Full Map",
									"type": "array",
									"orientation": "vertical",
									"content": [
										{
											"type": "map",
											"background": "#1D1A14",
											"maps": [
												"gmfull"
											]
										}
									]
								},
								{
									"title": "1F",
									"type": "array",
									"orientation": "vertical",
									"content": [
										{
											"type": "map",
											"background": "#1D1A14",
											"maps": [
												"gm1f"
											]
										}
									]
								},
								{
									"title": "2F",
									"type": "array",
									"orientation": "vertical",
									"content": [
										{
											"type": "map",
											"background": "#1D1A14",
											"maps": [
												"gm2f"
											]
										}
									]
								}
							]
						}
					]
				}
			},
			{
				"title": "Lakebed Temple",
				"content": {
					"type": "array",
					"orientation": "vertical",
					"content": [
						{
							"type": "item",
							"item": "ltname",
							"max_width": 900,
							"item_h_alignment": "center",
							"item_v_alignment": "center"
						},
						{
							"type": "tabbed",
							"tabs": [
								{
									"title": "Full Map",
									"type": "array",
									"orientation": "vertical",
									"content": [
										{
											"type": "map",
											"background": "#1D1A14",
											"maps": [
												"ltfull"
											]
										}
									]
								},
								{
									"title": "B2",
									"type": "array",
									"orientation": "vertical",
									"content": [
										{
											"type": "map",
											"background": "#1D1A14",
											"maps": [
												"ltb2"
											]
										}
									]
								},
								{
									"title": "B1",
									"type": "array",
									"orientation": "vertical",
									"content": [
										{
											"type": "map",
											"background": "#1D1A14",
											"maps": [
												"ltb1"
											]
										}
									]
								},
								{
									"title": "1F",
									"type": "array",
									"orientation": "vertical",
									"content": [
										{
											"type": "map",
											"background": "#1D1A14",
											"maps": [
												"lt1f"
											]
										}
									]
								},
								{
									"title": "2F",
									"type": "array",
									"orientation": "vertical",
									"content": [
										{
											"type": "map",
											"background": "#1D1A14",
											"maps": [
												"lt2f"
											]
										}
									]
								},
								{
									"title": "3F",
									"type": "array",
									"orientation": "vertical",
									"content": [
										{
											"type": "map",
											"background": "#1D1A14",
											"maps": [
												"lt3f"
											]
										}
									]
								},
								{
									"title": "4F",
									"type": "array",
									"orientation": "vertical",
									"content": [
										{
											"type": "map",
											"background": "#1D1A14",
											"maps": [
												"lt4f"
											]
										}
									]
								}
							]
						}
					]
				}
			},
			{
				"title": "Arbiter's Grounds",
				"content": {
					"type": "array",
					"orientation": "vertical",
					"content": [
						{
							"type": "item",
							"item": "agname",
							"max_width": 900,
							"item_h_alignment": "center",
							"item_v_alignment": "center"
						},
						{
							"type": "tabbed",
							"tabs": [
								{
									"title": "Full Map",
									"type": "array",
									"orientation": "vertical",
									"content": [
										{
											"type": "map",
											"background": "#1D1A14",
											"maps": [
												"agfull"
											]
										}
									]
								},
								{
									"title": "B2",
									"type": "array",
									"orientation": "vertical",
									"content": [
										{
											"type": "map",
											"background": "#1D1A14",
											"maps": [
												"agb2"
											]
										}
									]
								},
								{
									"title": "B1",
									"type": "array",
									"orientation": "vertical",
									"content": [
										{
											"type": "map",
											"background": "#1D1A14",
											"maps": [
												"agb1"
											]
										}
									]
								},
								{
									"title": "1F",
									"type": "array",
									"orientation": "vertical",
									"content": [
										{
											"type": "map",
											"background": "#1D1A14",
											"maps": [
												"ag1f"
											]
										}
									]
								},
								{
									"title": "2F",
									"type": "array",
									"orientation": "vertical",
									"content": [
										{
											"type": "map",
											"background": "#1D1A14",
											"maps": [
												"ag2f"
											]
										}
									]
								},
								{
									"title": "3F",
									"type": "array",
									"orientation": "vertical",
									"content": [
										{
											"type": "map",
											"background": "#1D1A14",
											"maps": [
												"ag3f"
											]
										}
									]
								},
								{
									"title": "4F",
									"type": "array",
									"orientation": "vertical",
									"content": [
										{
											"type": "map",
											"background": "#1D1A14",
											"maps": [
												"ag4f"
											]
										}
									]
								}
							]
						}
					]
				}
			},
			{
				"title": "Snowpeak Ruins",
				"content": {
					"type": "array",
					"orientation": "vertical",
					"content": [
						{
							"type": "item",
							"item": "srname",
							"max_width": 900,
							"item_h_alignment": "center",
							"item_v_alignment": "center"
						},
						{
							"type": "tabbed",
							"tabs": [
								{
									"title": "Full Map",
									"type": "array",
									"orientation": "vertical",
									"content": [
										{
											"type": "map",
											"background": "#1D1A14",
											"maps": [
												"srfull"
											]
										}
									]
								},
								{
									"title": "1F",
									"type": "array",
									"orientation": "vertical",
									"content": [
										{
											"type": "map",
											"background": "#1D1A14",
											"maps": [
												"sr1f"
											]
										}
									]
								},
								{
									"title": "2F",
									"type": "array",
									"orientation": "vertical",
									"content": [
										{
											"type": "map",
											"background": "#1D1A14",
											"maps": [
												"sr2f"
											]
										}
									]
								},
								{
									"title": "3F",
									"type": "array",
									"orientation": "vertical",
									"content": [
										{
											"type": "map",
											"background": "#1D1A14",
											"maps": [
												"sr3f"
											]
										}
									]
								}
							]
						}
					]
				}
			},
			{
				"title": "Temple of Time",
				"content": {
					"type": "array",
					"orientation": "vertical",
					"content": [
						{
							"type": "item",
							"item": "ttname",
							"max_width": 900,
							"item_h_alignment": "center",
							"item_v_alignment": "center"
						},
						{
							"type": "tabbed",
							"tabs": [
								{
									"title": "Full Map",
									"type": "array",
									"orientation": "vertical",
									"content": [
										{
											"type": "map",
											"background": "#1D1A14",
											"maps": [
												"ttfull"
											]
										}
									]
								},
								{
									"title": "1F",
									"type": "array",
									"orientation": "vertical",
									"content": [
										{
											"type": "map",
											"background": "#1D1A14",
											"maps": [
												"tt1f"
											]
										}
									]
								},
								{
									"title": "2F",
									"type": "array",
									"orientation": "vertical",
									"content": [
										{
											"type": "map",
											"background": "#1D1A14",
											"maps": [
												"tt2f"
											]
										}
									]
								},
								{
									"title": "3F",
									"type": "array",
									"orientation": "vertical",
									"content": [
										{
											"type": "map",
											"background": "#1D1A14",
											"maps": [
												"tt3f"
											]
										}
									]
								},
								{
									"title": "4F",
									"type": "array",
									"orientation": "vertical",
									"content": [
										{
											"type": "map",
											"background": "#1D1A14",
											"maps": [
												"tt4f"
											]
										}
									]
								},
								{
									"title": "5F",
									"type": "array",
									"orientation": "vertical",
									"content": [
										{
											"type": "map",
											"background": "#1D1A14",
											"maps": [
												"tt5f"
											]
										}
									]
								},
								{
									"title": "6F",
									"type": "array",
									"orientation": "vertical",
									"content": [
										{
											"type": "map",
											"background": "#1D1A14",
											"maps": [
												"tt6f"
											]
										}
									]
								},
								{
									"title": "7F",
									"type": "array",
									"orientation": "vertical",
									"content": [
										{
											"type": "map",
											"background": "#1D1A14",
											"maps": [
												"tt7f"
											]
										}
									]
								},
								{
									"title": "8F",
									"type": "array",
									"orientation": "vertical",
									"content": [
										{
											"type": "map",
											"background": "#1D1A14",
											"maps": [
												"tt8f"
											]
										}
									]
								}
							]
						}
					]
				}
			},
			{
				"title": "City in the Sky",
				"content": {
					"type": "array",
					"orientation": "vertical",
					"content": [
						{
							"type": "item",
							"item": "csname",
							"max_width": 900,
							"item_h_alignment": "center",
							"item_v_alignment": "center"
						},
						{
							"type": "tabbed",
							"tabs": [
								{
									"title": "Full Map",
									"type": "array",
									"orientation": "vertical",
									"content": [
										{
											"type": "map",
											"background": "#1D1A14",
											"maps": [
												"csfull"
											]
										}
									]
								},
								{
									"title": "B3",
									"type": "array",
									"orientation": "vertical",
									"content": [
										{
											"type": "map",
											"background": "#1D1A14",
											"maps": [
												"csb3"
											]
										}
									]
								},
								{
									"title": "B2",
									"type": "array",
									"orientation": "vertical",
									"content": [
										{
											"type": "map",
											"background": "#1D1A14",
											"maps": [
												"csb2"
											]
										}
									]
								},
								{
									"title": "B1",
									"type": "array",
									"orientation": "vertical",
									"content": [
										{
											"type": "map",
											"background": "#1D1A14",
											"maps": [
												"csb1"
											]
										}
									]
								},
								{
									"title": "1F",
									"type": "array",
									"orientation": "vertical",
									"content": [
										{
											"type": "map",
											"background": "#1D1A14",
											"maps": [
												"cs1f"
											]
										}
									]
								},
								{
									"title": "2F",
									"type": "array",
									"orientation": "vertical",
									"content": [
										{
											"type": "map",
											"background": "#1D1A14",
											"maps": [
												"cs2f"
											]
										}
									]
								},
								{
									"title": "3F",
									"type": "array",
									"orientation": "vertical",
									"content": [
										{
											"type": "map",
											"background": "#1D1A14",
											"maps": [
												"cs3f"
											]
										}
									]
								},
								{
									"title": "4F",
									"type": "array",
									"orientation": "vertical",
									"content": [
										{
											"type": "map",
											"background": "#1D1A14",
											"maps": [
												"cs4f"
											]
										}
									]
								},
								{
									"title": "5F",
									"type": "array",
									"orientation": "vertical",
									"content": [
										{
											"type": "map",
											"background": "#1D1A14",
											"maps": [
												"cs5f"
											]
										}
									]
								}
							]
						}
					]
				}
			},
			{
				"title": "Palace of Twilight",
				"content": {
					"type": "array",
					"orientation": "vertical",
					"content": [
						{
							"type": "item",
							"item": "ptname",
							"max_width": 900,
							"item_h_alignment": "center",
							"item_v_alignment": "center"
						},
						{
							"type": "tabbed",
							"tabs": [
								{
									"title": "Full Map",
									"type": "array",
									"orientation": "vertical",
									"content": [
										{
											"type": "map",
											"background": "#1D1A14",
											"maps": [
												"ptfull"
											]
										}
									]
								},
								{
									"title": "1F",
									"type": "array",
									"orientation": "vertical",
									"content": [
										{
											"type": "map",
											"background": "#1D1A14",
											"maps": [
												"pt1f"
											]
										}
									]
								},
								{
									"title": "2F",
									"type": "array",
									"orientation": "vertical",
									"content": [
										{
											"type": "map",
											"background": "#1D1A14",
											"maps": [
												"pt2f"
											]
										}
									]
								},
								{
									"title": "3F",
									"type": "array",
									"orientation": "vertical",
									"content": [
										{
											"type": "map",
											"background": "#1D1A14",
											"maps": [
												"pt3f"
											]
										}
									]
								},
								{
									"title": "4F",
									"type": "array",
									"orientation": "vertical",
									"content": [
										{
											"type": "map",
											"background": "#1D1A14",
											"maps": [
												"pt4f"
											]
										}
									]
								}
							]
						}
					]
				}
			},
			{
				"title": "Hyrule Castle",
				"content": {
					"type": "array",
					"orientation": "vertical",
					"content": [
						{
							"type": "item",
							"item": "hcname",
							"max_width": 900,
							"item_h_alignment": "center",
							"item_v_alignment": "center"
						},
						{
							"type": "tabbed",
							"tabs": [
								{
									"title": "Full Map",
									"type": "array",
									"orientation": "vertical",
									"content": [
										{
											"type": "map",
											"background": "#1D1A14",
											"maps": [
												"hcfull"
											]
										}
									]
								},
								{
									"title": "1F",
									"type": "array",
									"orientation": "vertical",
									"content": [
										{
											"type": "map",
											"background": "#1D1A14",
											"maps": [
												"hc1f"
											]
										}
									]
								},
								{
									"title": "2F",
									"type": "array",
									"orientation": "vertical",
									"content": [
										{
											"type": "map",
											"background": "#1D1A14",
											"maps": [
												"hc2f"
											]
										}
									]
								},
								{
									"title": "3F",
									"type": "array",
									"orientation": "vertical",
									"content": [
										{
											"type": "map",
											"background": "#1D1A14",
											"maps": [
												"hc3f"
											]
										}
									]
								},
								{
									"title": "4F",
									"type": "array",
									"orientation": "vertical",
									"content": [
										{
											"type": "map",
											"background": "#1D1A14",
											"maps": [
												"hc4f"
											]
										}
									]
								},
								{
									"title": "5F",
									"type": "array",
									"orientation": "vertical",
									"content": [
										{
											"type": "map",
											"background": "#1D1A14",
											"maps": [
												"hc5f"
											]
										}
									]
								}
							]
						}
					]
				}
			}
		]
	}
}