[
	{
		"name": "Snowpeak Ruins",
		"children": [
			{
				"name": "1F",
				"children": [
					{
						"name": "Lobby East Armor Chest",
						"map_locations": [
							{
								"map": "sr1f",
								"x": 829,
								"y": 1481
							},
							{
								"map": "srfull",
								"x": 393,
								"y": 702
							}
						],
						"sections": [
							{
								"access_rules": [
									"@SnowpeakRuinsEntrance, ballchain"
								]
							}
						]
					},
					{
						"name": "Lobby West Armor Chest",
						"map_locations": [
							{
								"map": "sr1f",
								"x": 621,
								"y": 1579
							},
							{
								"map": "srfull",
								"x": 294,
								"y": 748
							}
						],
						"sections": [
							{
								"access_rules": [
									"@SnowpeakRuinsEntrance, ballchain"
								]
							}
						]
					},
					{
						"name": "Mansion Map",
						"map_locations": [
							{
								"map": "sr1f",
								"x": 754,
								"y": 979
							},
							{
								"map": "srfull",
								"x": 357,
								"y": 464
							}
						],
						"sections": [
							{
								"access_rules": [
									"@SnowpeakRuinsYetoandYeta"
								]
							}
						]
					},
					{
						"name": "East Courtyard Buried Chest",
						"map_locations": [
							{
								"map": "sr1f",
								"x": 900,
								"y": 619
							},
							{
								"map": "srfull",
								"x": 426,
								"y": 293
							}
						],
						"sections": [
							{
								"access_rules": [
									"@SnowpeakRuinsEastCourtyard, shadowcrystal"
								]
							}
						]
					},
					{
						"name": "East Courtyard Chest",
						"map_locations": [
							{
								"map": "sr1f",
								"x": 907,
								"y": 865
							},
							{
								"map": "srfull",
								"x": 430,
								"y": 410
							}
						],
						"sections": [
							{
								"access_rules": [
									"@SnowpeakRuinsEastCourtyard"
								]
							}
						]
					},
					{
						"name": "Ordon Pumpkin Chest",
						"map_locations": [
							{
								"map": "sr1f",
								"x": 1400,
								"y": 520
							},
							{
								"map": "srfull",
								"x": 663,
								"y": 246
							}
						],
						"sections": [
							{
								"access_rules": [
									"@SnowpeakRuinsNortheastChilfosRoomFirstFloor, $canDefeatChilfos",
									"[glitcheson], @SnowpeakRuinsNortheastChilfosRoomFirstFloor, $canDefeatChilfosGlitched"
								]
							}
						]
					},
					{
						"name": "West Courtyard Buried Chest",
						"map_locations": [
							{
								"map": "sr1f",
								"x": 544,
								"y": 605
							},
							{
								"map": "srfull",
								"x": 258,
								"y": 287
							}
						],
						"sections": [
							{
								"access_rules": [
									"@SnowpeakRuinsWestCourtyard, shadowcrystal"
								]
							}
						]
					},
					{
						"name": "Wooden Beam Central Chest",
						"map_locations": [
							{
								"map": "sr1f",
								"x": 166,
								"y": 802
							},
							{
								"map": "srfull",
								"x": 79,
								"y": 380
							}
						],
						"sections": [
							{
								"access_rules": [
									"@SnowpeakRuinsWoodenBeamRoom, $canDefeatIceKeese",
									"[glitcheson], @SnowpeakRuinsWoodenBeamRoom, $canDefeatIceKeeseGlitched"
								]
							}
						]
					},
					{
						"name": "Wooden Beam Northwest Chest",
						"map_locations": [
							{
								"map": "sr1f",
								"x": 276,
								"y": 881
							},
							{
								"map": "srfull",
								"x": 131,
								"y": 418
							}
						],
						"sections": [
							{
								"access_rules": [
									"@SnowpeakRuinsWoodenBeamRoom, $canDefeatIceKeese",
									"[glitcheson], @SnowpeakRuinsWoodenBeamRoom, $canDefeatIceKeeseGlitched"
								]
							}
						]
					},
					{
						"name": "Courtyard Central Chest",
						"map_locations": [
							{
								"map": "sr1f",
								"x": 725,
								"y": 896
							},
							{
								"map": "srfull",
								"x": 343,
								"y": 425
							}
						],
						"sections": [
							{
								"access_rules": [
									"@SnowpeakRuinsWestCourtyard, ballchain",
									"@SnowpeakRuinsWestCourtyard, $hasBombs, srsmallkey:2",
									"@SnowpeakRuinsWestCourtyard, $hasBombs, cheese, glitchesoff",
									"@SnowpeakRuinsWestCourtyard, $hasBombs, skkeysy"
								]
							}
						]
					},
					{
						"name": "Ball and Chain",
						"map_locations": [
							{
								"map": "sr1f",
								"x": 723,
								"y": 339
							},
							{
								"map": "srfull",
								"x": 343,
								"y": 161
							}
						],
						"sections": [
							{
								"access_rules": [
									"@SnowpeakRuinsDarkhammerRoom, $canDefeatDarkhammer",
									"[glitcheson], @SnowpeakRuinsDarkhammerRoom, $canDefeatDarkhammerGlitched"
								]
							}
						]
					},
					{
						"name": "Chest After Darkhammer",
						"map_locations": [
							{
								"map": "sr1f",
								"x": 722,
								"y": 24
							},
							{
								"map": "srfull",
								"x": 342,
								"y": 11
							}
						],
						"sections": [
							{
								"access_rules": [
									"@SnowpeakRuinsDarkhammerRoom, $canDefeatDarkhammer, ballchain",
									"[glitcheson], @SnowpeakRuinsDarkhammerRoom, $canDefeatDarkhammerGlitched, ballchain"
								]
							}
						]
					},
					{
						"name": "Broken Floor Chest",
						"map_locations": [
							{
								"map": "sr1f",
								"x": 264,
								"y": 1166
							},
							{
								"map": "srfull",
								"x": 125,
								"y": 553
							}
						],
						"sections": [
							{
								"access_rules": [
									"@SnowpeakRuinsCagedFreezardRoom, ballchain"
								]
							}
						]
					},
					{
						"name": "West Cannon Room Central Chest",
						"map_locations": [
							{
								"map": "sr1f",
								"x": 36,
								"y": 385
							},
							{
								"map": "srfull",
								"x": 17,
								"y": 182
							}
						],
						"sections": [
							{
								"access_rules": [
									"@SnowpeakRuinsWestCannonRoom, ballchain"
								]
							}
						]
					},
					{
						"name": "West Cannon Room Corner Chest",
						"map_locations": [
							{
								"map": "sr1f",
								"x": 507,
								"y": 260
							},
							{
								"map": "srfull",
								"x": 240,
								"y": 123
							}
						],
						"sections": [
							{
								"access_rules": [
									"@SnowpeakRuinsWestCannonRoom, $canSmash"
								]
							}
						]
					}
				]
			},
			{
				"name": "Poes1F",
				"chest_unopened_img": "images/Items/PoeSoulGrayed.png",
				"chest_opened_img": "images/Items/PoeSoul.png",
				"children": [
					{
						"name": "Lobby Armor Poe",
						"map_locations": [
							{
								"map": "sr1f",
								"x": 829,
								"y": 1579,
								"shape": "diamond"
							},
							{
								"map": "srfull",
								"x": 393,
								"y": 748,
								"shape": "diamond"
							}
						],
						"sections": [
							{
								"access_rules": [
									"@SnowpeakRuinsEntrance, shadowcrystal, ballchain"
								]
							}
						]
					},
					{
						"name": "Lobby Poe",
						"map_locations": [
							{
								"map": "sr1f",
								"x": 726,
								"y": 1316,
								"shape": "diamond"
							},
							{
								"map": "srfull",
								"x": 344,
								"y": 624,
								"shape": "diamond"
							}
						],
						"sections": [
							{
								"access_rules": [
									"@SnowpeakRuinsEntrance, shadowcrystal"
								]
							}
						]
					}
				]
			},
			{
				"name": "2F",
				"children": [
					{
						"name": "Wooden Beam Chandelier Chest",
						"map_locations": [
							{
								"map": "sr2f",
								"x": 170,
								"y": 633
							},
							{
								"map": "srfull",
								"x": 763,
								"y": 300
							}
						],
						"sections": [
							{
								"access_rules": [
									"@SnowpeakRuinsWoodenBeamRoom, ballchain, cheese",
									"@SnowpeakRuinsWoodenBeamRoom, ballchain, skkeysy",
									"[glitcheson], @SnowpeakRuinsWoodenBeamRoom, $canDoLJA, cheese",
									"[glitcheson], @SnowpeakRuinsWoodenBeamRoom, $canDoLJA, skkeysy"
								]
							}
						]
					},
					{
						"name": "Lobby Chandelier Chest",
						"map_locations": [
							{
								"map": "sr2f",
								"x": 725,
								"y": 1461
							},
							{
								"map": "srfull",
								"x": 1026,
								"y": 692
							}
						],
						"sections": [
							{
								"access_rules": [
									"@SnowpeakRuinsEntrance, ballchain, cheese, srsmallkey:3",
									"@SnowpeakRuinsEntrance, ballchain, skkeysy",
									"[glitcheson], @SnowpeakRuinsEntrance, shadowcrystal, $canDoLJA"
								]
							}
						]
					},
					{
						"name": "Northeast Chandelier Chest",
						"map_locations": [
							{
								"map": "sr2f",
								"x": 1288,
								"y": 542
							},
							{
								"map": "srfull",
								"x": 1293,
								"y": 257
							}
						],
						"sections": [
							{
								"access_rules": [
									"@SnowpeakRuinsNortheastChilfosRoomSecondFloor, $canDefeatChilfos, ballchain",
									"[glitcheson], @SnowpeakRuinsNortheastChilfosRoomSecondFloor, $canDefeatChilfosGlitched, ballchain"
								]
							}
						]
					},
					{
						"name": "Chapel Chest",
						"map_locations": [
							{
								"map": "sr2f",
								"x": 167,
								"y": 182
							},
							{
								"map": "srfull",
								"x": 762,
								"y": 86
							}
						],
						"sections": [
							{
								"access_rules": [
									"@SnowpeakRuinsChapel, $canDefeatChilfos",
									"[glitcheson], @SnowpeakRuinsChapel, $canDefeatChilfosGlitched"
								]
							}
						]
					}
				]
			},
			{
				"name": "Poes2F",
				"chest_unopened_img": "images/Items/PoeSoulGrayed.png",
				"chest_opened_img": "images/Items/PoeSoul.png",
				"children": [
					{
						"name": "Ice Room Poe",
						"map_locations": [
							{
								"map": "sr2f",
								"x": 1336,
								"y": 1053,
								"shape": "diamond"
							},
							{
								"map": "srfull",
								"x": 1316,
								"y": 499,
								"shape": "diamond"
							}
						],
						"sections": [
							{
								"access_rules": [
									"@SnowpeakRuinsSecondFloorMiniFreezardRoom, shadowcrystal"
								]
							}
						]
					}
				]
			},
			{
				"name": "3F",
				"children": [
					{
						"name": "Blizzeta Boss",
						"access_rules": [
							"@SnowpeakRuinsBossRoom"
						],
						"map_locations": [
							{
								"map": "sr3f",
								"x": 722,
								"y": 345
							},
							{
								"map": "srfull",
								"x": 1707,
								"y": 163
							}
						],
						"sections": [
							{
								"name": "Blizzeta Heart Container",
								"access_rules": [
									"$canDefeatBlizzeta"
								]
							},
							{
								"name": "Dungeon Reward",
								"access_rules": [
									"$canDefeatBlizzeta"
								]
							}
						]
					}
				]
			},
			{
				"name": "Hint Signs",
				"children": [
					{
						"name": "Hint Sign",
						"map_locations": [
							{
								"map": "sr1f",
								"x": 654,
								"y": 954,
								"shape": "diamond"
							},
							{
								"map": "srfull",
								"x": 309,
								"y": 451,
								"shape": "diamond"
							}
						],
						"sections": [
							{
								"access_rules": [
									"{@SnowpeakRuinsYetoandYeta}"
								],
								"visibility_rules": [
									"hintson"
								]
							}
						]
					}
				]
			}
		]
	}
]
