[
	{
		"name": "City in the Sky",
		"children": [
			{
				"name": "B3",
				"children": [
					{
						"name": "Aeralfos Chest",
						"map_locations": [
							{
								"map": "csb3",
								"x": 2115,
								"y": 667
							},
							{
								"map": "csfull",
								"x": 2115,
								"y": 667
							}
						],
						"sections": [
							{
								"access_rules": [
									"@CityinTheSkyEastWing, clawshot, boots, $canDefeatDinalfos, $canDefeatTileWorm, $canDefeatAeralfos",
									"[glitcheson], @CityinTheSkyEastWing, clawshot, boots, $canDefeatDinalfos, $canDefeatAeralfos",
									"[glitcheson], @CityinTheSkyEastWing, clawshot, boots, $canDefeatDinalfos, $canDefeatAeralfosGlitched"
								]
							}
						]
					}
				]
			},
			{
				"name": "B1",
				"children": [
					{
						"name": "East Wing Lower Level Chest",
						"map_locations": [
							{
								"map": "csb1",
								"x": 1513,
								"y": 698
							},
							{
								"map": "csfull",
								"x": 5989,
								"y": 698
							}
						],
						"sections": [
							{
								"access_rules": [
									"@CityinTheSkyEastWing, doubleclawshot, $canDefeatTileWorm, $canDefeatDinalfos",
									"[glitcheson], @CityinTheSkyEastWing, doubleclawshot"
								]
							}
						]
					},
					{
						"name": "West Wing Baba Balcony Chest",
						"map_locations": [
							{
								"map": "csb1",
								"x": 303,
								"y": 546
							},
							{
								"map": "csfull",
								"x": 4779,
								"y": 546
							}
						],
						"sections": [
							{
								"access_rules": [
									"@CityinTheSkyWestWing, doubleclawshot"
								]
							}
						]
					}
				]
			},
			{
				"name": "1F",
				"children": [
					{
						"name": "Underwater East Chest",
						"map_locations": [
							{
								"map": "cs1f",
								"x": 969,
								"y": 1462
							},
							{
								"map": "csfull",
								"x": 969,
								"y": 3217
							}
						],
						"sections": [
							{
								"access_rules": [
									"@CityinTheSkyEntrance, boots"
								]
							}
						]
					},
					{
						"name": "Underwater West Chest",
						"map_locations": [
							{
								"map": "cs1f",
								"x": 847,
								"y": 1462
							},
							{
								"map": "csfull",
								"x": 847,
								"y": 3217
							}
						],
						"sections": [
							{
								"access_rules": [
									"@CityinTheSkyEntrance, boots"
								]
							}
						]
					},
					{
						"name": "West Wing First Chest",
						"map_locations": [
							{
								"map": "cs1f",
								"x": 108,
								"y": 697
							},
							{
								"map": "csfull",
								"x": 108,
								"y": 2452
							}
						],
						"sections": [
							{
								"access_rules": [
									"@CityinTheSkyWestWing"
								]
							}
						]
					},
					{
						"name": "East First Wing Chest After Fans",
						"map_locations": [
							{
								"map": "cs1f",
								"x": 1884,
								"y": 701
							},
							{
								"map": "csfull",
								"x": 1884,
								"y": 2456
							}
						],
						"sections": [
							{
								"access_rules": [
									"@CityinTheSkyEastWing, clawshot",
									"[glitcheson], @CityinTheSkyEastWing, $canDoLJA"
								]
							}
						]
					},
					{
						"name": "East Tile Worm Small Chest",
						"map_locations": [
							{
								"map": "cs1f",
								"x": 1774,
								"y": 789
							},
							{
								"map": "csfull",
								"x": 1774,
								"y": 2544
							}
						],
						"sections": [
							{
								"access_rules": [
									"@CityinTheSkyEastWing, clawshot",
									"[glitcheson], @CityinTheSkyEastWing, $canDoLJA"
								]
							}
						]
					},
					{
						"name": "West Wing Narrow Ledge Chest",
						"map_locations": [
							{
								"map": "cs1f",
								"x": 173,
								"y": 638
							},
							{
								"map": "csfull",
								"x": 173,
								"y": 2393
							}
						],
						"sections": [
							{
								"access_rules": [
									"@CityinTheSkyWestWing, doubleclawshot"
								]
							}
						]
					},
					{
						"name": "West Wing Tile Worm Chest",
						"map_locations": [
							{
								"map": "cs1f",
								"x": 323,
								"y": 565
							},
							{
								"map": "csfull",
								"x": 323,
								"y": 2320
							}
						],
						"sections": [
							{
								"access_rules": [
									"@CityinTheSkyWestWing, doubleclawshot"
								]
							}
						]
					},
					{
						"name": "Chest Behind North Fan",
						"map_locations": [
							{
								"map": "cs1f",
								"x": 911,
								"y": 223
							},
							{
								"map": "csfull",
								"x": 911,
								"y": 1978
							}
						],
						"sections": [
							{
								"access_rules": [
									"@CityinTheSkyNorthWing, doubleclawshot",
									"[glitcheson], @CityinTheSkyNorthWing, clawshot"
								]
							}
						]
					}
				]
			},
			{
				"name": "2F",
				"children": [
					{
						"name": "East Wing After Dinalfos Ledge Chest",
						"map_locations": [
							{
								"map": "cs2f",
								"x": 1866,
								"y": 881
							},
							{
								"map": "csfull",
								"x": 4104,
								"y": 2636
							}
						],
						"sections": [
							{
								"access_rules": [
									"@CityinTheSkyEastWing, clawshot, $canDefeatTileWorm, $canDefeatDinalfos",
									"[glitcheson], @CityinTheSkyEastWing, clawshot, $canDefeatTileWormGlitched, $canDefeatDinalfos",
									"[glitcheson], @CityinTheSkyEastWing, clawshot, boots"
								]
							}
						]
					},
					{
						"name": "East Wing After Dinalfos Alcove Chest",
						"map_locations": [
							{
								"map": "cs2f",
								"x": 1648,
								"y": 864
							},
							{
								"map": "csfull",
								"x": 3886,
								"y": 2619
							}
						],
						"sections": [
							{
								"access_rules": [
									"@CityinTheSkyEastWing, clawshot, $canDefeatTileWorm, $canDefeatDinalfos",
									"[glitcheson], @CityinTheSkyEastWing, clawshot, $canDefeatTileWormGlitched, $canDefeatDinalfos",
									"[glitcheson], @CityinTheSkyEastWing, clawshot, boots"
								]
							}
						]
					},
					{
						"name": "Baba Tower Narrow Ledge Chest",
						"map_locations": [
							{
								"map": "cs2f",
								"x": 218,
								"y": 384
							},
							{
								"map": "csfull",
								"x": 2456,
								"y": 2139
							}
						],
						"sections": [
							{
								"access_rules": [
									"@CityinTheSkyWestWing, $canDefeatBabaSerpent, doubleclawshot, $canDefeatBigBaba",
									"@CityinTheSkyWestWing, $canDefeatBabaSerpentGlitched, doubleclawshot, $canDefeatBigBaba",
									"@CityinTheSkyWestWing, $canDefeatBabaSerpent, doubleclawshot, $canDefeatBigBabaGlitched",
									"@CityinTheSkyWestWing, $canDefeatBabaSerpentGlitched, doubleclawshot, $canDefeatBigBabaGlitched"
								]
							}
						]
					},
					{
						"name": "Baba Tower Alcove Chest",
						"map_locations": [
							{
								"map": "cs2f",
								"x": 115,
								"y": 492
							},
							{
								"map": "csfull",
								"x": 2353,
								"y": 2247
							}
						],
						"sections": [
							{
								"access_rules": [
									"@CityinTheSkyWestWing, $canDefeatBabaSerpent, doubleclawshot, $canDefeatBigBaba",
									"@CityinTheSkyWestWing, $canDefeatBabaSerpentGlitched, doubleclawshot, $canDefeatBigBaba",
									"@CityinTheSkyWestWing, $canDefeatBabaSerpent, doubleclawshot, $canDefeatBigBabaGlitched",
									"@CityinTheSkyWestWing, $canDefeatBabaSerpentGlitched, doubleclawshot, $canDefeatBigBabaGlitched"
								]
							}
						]
					},
					{
						"name": "West Garden Lone Island Chest",
						"map_locations": [
							{
								"map": "cs2f",
								"x": 132,
								"y": 881
							},
							{
								"map": "csfull",
								"x": 2370,
								"y": 2636
							}
						],
						"sections": [
							{
								"access_rules": [
									"@CityinTheSkyWestWing, doubleclawshot"
								]
							}
						]
					},
					{
						"name": "West Garden Lower Chest",
						"map_locations": [
							{
								"map": "cs2f",
								"x": 217,
								"y": 625
							},
							{
								"map": "csfull",
								"x": 2455,
								"y": 2380
							}
						],
						"sections": [
							{
								"access_rules": [
									"@CityinTheSkyWestWing, doubleclawshot"
								]
							}
						]
					}
				]
			},
			{
				"name": "Poes2F",
				"chest_unopened_img": "images/Items/PoeSoulGrayed.png",
				"chest_opened_img": "images/Items/PoeSoul.png",
				"children": [
					{
						"name": "Garden Island Poe",
						"map_locations": [
							{
								"map": "cs2f",
								"x": 209,
								"y": 860,
								"shape": "diamond"
							},
							{
								"map": "csfull",
								"x": 2447,
								"y": 2615,
								"shape": "diamond"
							}
						],
						"sections": [
							{
								"access_rules": [
									"@CityinTheSkyWestWing, doubleclawshot, shadowcrystal"
								]
							}
						]
					}
				]
			},
			{
				"name": "3F",
				"children": [
					{
						"name": "Baba Tower Top Small Chest",
						"map_locations": [
							{
								"map": "cs3f",
								"x": 52,
								"y": 417
							},
							{
								"map": "csfull",
								"x": 4528,
								"y": 2172
							}
						],
						"sections": [
							{
								"access_rules": [
									"@CityinTheSkyWestWing, $canDefeatBabaSerpent, doubleclawshot, $canDefeatBigBaba",
									"@CityinTheSkyWestWing, $canDefeatBabaSerpentGlitched, doubleclawshot, $canDefeatBigBaba",
									"@CityinTheSkyWestWing, $canDefeatBabaSerpent, doubleclawshot, $canDefeatBigBabaGlitched",
									"@CityinTheSkyWestWing, $canDefeatBabaSerpentGlitched, doubleclawshot, $canDefeatBigBabaGlitched"
								]
							}
						]
					},
					{
						"name": "West Garden Corner Chest",
						"map_locations": [
							{
								"map": "cs3f",
								"x": 48,
								"y": 721
							},
							{
								"map": "csfull",
								"x": 4524,
								"y": 2476
							}
						],
						"sections": [
							{
								"access_rules": [
									"@CityinTheSkyWestWing, doubleclawshot"
								]
							}
						]
					},
					{
						"name": "West Garden Ledge Chest",
						"map_locations": [
							{
								"map": "cs3f",
								"x": 271,
								"y": 785
							},
							{
								"map": "csfull",
								"x": 4747,
								"y": 2540
							}
						],
						"sections": [
							{
								"access_rules": [
									"@CityinTheSkyWestWing, doubleclawshot"
								]
							}
						]
					},
					{
						"name": "Chest Below Big Key Chest",
						"map_locations": [
							{
								"map": "cs3f",
								"x": 910,
								"y": 631
							},
							{
								"map": "csfull",
								"x": 5386,
								"y": 2386
							}
						],
						"sections": [
							{
								"access_rules": [
									"@CityinTheSkyCentralTowerSecondFloor, $canDefeatHelmasaur",
									"[glitcheson], @CityinTheSkyCentralTowerSecondFloor, $canDefeatHelmasaurGlitched"
								]
							}
						]
					}
				]
			},
			{
				"name": "4F",
				"children": [
					{
						"name": "Central Outside Ledge Chest",
						"map_locations": [
							{
								"map": "cs4f",
								"x": 915,
								"y": 740
							},
							{
								"map": "csfull",
								"x": 915,
								"y": 4250
							}
						],
						"sections": [
							{
								"access_rules": [
									"@CityinTheSkyCentralTowerSecondFloor, $canDefeatDinalfos, $canDefeatWalltula, $canDefeatKargorok, shadowcrystal",
									"[glitcheson], @CityinTheSkyCentralTowerSecondFloor, $canDefeatDinalfos, $canDefeatWalltulaGlitched, $canDefeatKargorok, shadowcrystal",
									"[glitcheson], @CityinTheSkyCentralTowerSecondFloor, $canDefeatDinalfos, $canDefeatWalltula, $canDefeatKargorokGlitched, shadowcrystal",
									"[glitcheson], @CityinTheSkyCentralTowerSecondFloor, $canDefeatDinalfos, $canDefeatWalltulaGlitched, $canDefeatKargorokGlitched, shadowcrystal",
									"[glitcheson], @CityinTheSkyCentralTowerSecondFloor, clawshot"
								]
							}
						]
					},
					{
						"name": "Central Outside Poe Island Chest",
						"map_locations": [
							{
								"map": "cs4f",
								"x": 1142,
								"y": 677
							},
							{
								"map": "csfull",
								"x": 1142,
								"y": 4187
							}
						],
						"sections": [
							{
								"access_rules": [
									"@CityinTheSkyCentralTowerSecondFloor, shadowcrystal, $canDefeatDinalfos, $canDefeatWalltula, $canDefeatKargorok",
									"[glitcheson], @CityinTheSkyCentralTowerSecondFloor, shadowcrystal, $canDefeatDinalfos, $canDefeatWalltulaGlitched, $canDefeatKargorok",
									"[glitcheson], @CityinTheSkyCentralTowerSecondFloor, shadowcrystal, $canDefeatDinalfos, $canDefeatWalltula, $canDefeatKargorokGlitched",
									"[glitcheson], @CityinTheSkyCentralTowerSecondFloor, shadowcrystal, $canDefeatDinalfos, $canDefeatWalltulaGlitched, $canDefeatKargorokGlitched",
									"[glitcheson], @CityinTheSkyCentralTowerSecondFloor, shadowcrystal, clawshot"
								]
							}
						]
					},
					{
						"name": "Big Key Chest",
						"map_locations": [
							{
								"map": "cs4f",
								"x": 843,
								"y": 679
							},
							{
								"map": "csfull",
								"x": 843,
								"y": 4189
							}
						],
						"sections": [
							{
								"access_rules": [
									"@CityinTheSkyCentralTowerSecondFloor, clawshot, boots, $canDefeatDinalfos, $canDefeatWalltula, $canDefeatKargorok, shadowcrystal",
									"[glitcheson], @CityinTheSkyCentralTowerSecondFloor, $canDefeatDinalfos, $canDefeatWalltulaGlitched, $canDefeatKargorok, shadowcrystal",
									"[glitcheson], @CityinTheSkyCentralTowerSecondFloor, $canDefeatDinalfos, $canDefeatWalltula, $canDefeatKargorokGlitched, shadowcrystal",
									"[glitcheson], @CityinTheSkyCentralTowerSecondFloor, $canDefeatDinalfos, $canDefeatWalltulaGlitched, $canDefeatKargorokGlitched, shadowcrystal",
									"[glitcheson], @CityinTheSkyCentralTowerSecondFloor, clawshot"
								]
							}
						]
					}
				]
			},
			{
				"name": "Poes4F",
				"chest_unopened_img": "images/Items/PoeSoulGrayed.png",
				"chest_opened_img": "images/Items/PoeSoul.png",
				"children": [
					{
						"name": "Poe Above Central Fan",
						"map_locations": [
							{
								"map": "cs4f",
								"x": 1102,
								"y": 694,
								"shape": "diamond"
							},
							{
								"map": "csfull",
								"x": 1102,
								"y": 4204,
								"shape": "diamond"
							}
						],
						"sections": [
							{
								"access_rules": [
									"@CityinTheSkyCentralTowerSecondFloor, $canDefeatWalltula, shadowcrystal",
									"[glitcheson], @CityinTheSkyCentralTowerSecondFloor, $canDefeatWalltulaGlitched, shadowcrystal"
								]
							}
						]
					}
				]
			},
			{
				"name": "5F",
				"children": [
					{
						"name": "Argorok Boss",
						"access_rules": [
							"@CityinTheSkyBossRoom"
						],
						"map_locations": [
							{
								"map": "cs5f",
								"x": 761,
								"y": 144
							},
							{
								"map": "csfull",
								"x": 2999,
								"y": 3658
							}
						],
						"sections": [
							{
								"name": "Argorok Heart Container",
								"access_rules": [
									"$canDefeatArgorok",
									"[glitcheson], $canDefeatArgorokGlitched"
								]
							},
							{
								"name": "Dungeon Reward",
								"access_rules": [
									"$canDefeatArgorok",
									"[glitcheson], $canDefeatArgorokGlitched"
								]
							}
						]
					}
				]
			}
		]
	}
]