[
	{
		"name": "Goron Mines",
		"children": [
			{
				"name": "1F",
				"children": [
					{
						"name": "Entrance Chest",
						"map_locations": [
							{
								"map": "gm1f",
								"x": 1597,
								"y": 2315
							},
							{
								"map": "gmfull",
								"x": 1597,
								"y": 2315
							}
						],
						"sections": [
							{
								"access_rules": [
									"@GoronMinesEntrance, $canPressMinesSwitch, $canBreakWoodenDoor",
									"@GoronMinesEntrance, $canPressMinesSwitch, $canBreakWoodenDoorGlitched",
									"[glitcheson], @GoronMinesEntrance, $canDoBSMoonBoots",
									"[glitcheson], @GoronMinesEntrance, $canBreakWoodenDoor",
									"[glitcheson], @GoronMinesEntrance, $canBreakWoodenDoorGlitched"
								]
							}
						]
					},
					{
						"name": "Main Magnet Room Bottom Chest",
						"map_locations": [
							{
								"map": "gm1f",
								"x": 1722,
								"y": 1736
							},
							{
								"map": "gmfull",
								"x": 1722,
								"y": 1736
							}
						],
						"sections": [
							{
								"access_rules": [
									"@GoronMinesMagnetRoom"
								]
							}
						]
					},
					{
						"name": "Gor Amato Key Shard",
						"map_locations": [
							{
								"map": "gm1f",
								"x": 124,
								"y": 1491
							},
							{
								"map": "gmfull",
								"x": 124,
								"y": 1491
							}
						],
						"sections": [
							{
								"access_rules": [
									"@GoronMinesLowerWestWing, boots"
								]
							}
						]
					},
					{
						"name": "Gor Amato Chest",
						"map_locations": [
							{
								"map": "gm1f",
								"x": 63,
								"y": 1465
							},
							{
								"map": "gmfull",
								"x": 63,
								"y": 1465
							}
						],
						"sections": [
							{
								"access_rules": [
									"@GoronMinesLowerWestWing, boots"
								]
							}
						]
					},
					{
						"name": "Gor Amato Small Chest",
						"map_locations": [
							{
								"map": "gm1f",
								"x": 33,
								"y": 1457
							},
							{
								"map": "gmfull",
								"x": 33,
								"y": 1457
							}
						],
						"sections": [
							{
								"access_rules": [
									"@GoronMinesLowerWestWing, boots"
								]
							}
						]
					},
					{
						"name": "Magnet Maze Chest",
						"map_locations": [
							{
								"map": "gm1f",
								"x": 1019,
								"y": 1400
							},
							{
								"map": "gmfull",
								"x": 1019,
								"y": 1400
							}
						],
						"sections": [
							{
								"access_rules": [
									"@GoronMinesLowerWestWing, boots"
								]
							}
						]
					}
				]
			},
			{
				"name": "2F",
				"children": [
					{
						"name": "Crystal Switch Room Underwater Chest",
						"map_locations": [
							{
								"map": "gm2f",
								"x": 1597,
								"y": 1053
							},
							{
								"map": "gmfull",
								"x": 4394,
								"y": 1053
							}
						],
						"sections": [
							{
								"access_rules": [
									"@GoronMinesCrystalSwitchRoom, boots",
									"[glitcheson], @GoronMinesCrystalSwitchRoom, $hasHeavyMod"
								]
							}
						]
					},
					{
						"name": "Crystal Switch Room Small Chest",
						"map_locations": [
							{
								"map": "gm2f",
								"x": 1588,
								"y": 1000
							},
							{
								"map": "gmfull",
								"x": 4385,
								"y": 1000
							}
						],
						"sections": [
							{
								"access_rules": [
									"@GoronMinesCrystalSwitchRoom, boots"
								]
							}
						]
					},
					{
						"name": "After Crystal Switch Room Magnet Wall Chest",
						"map_locations": [
							{
								"map": "gm2f",
								"x": 1384,
								"y": 957
							},
							{
								"map": "gmfull",
								"x": 4181,
								"y": 957
							}
						],
						"sections": [
							{
								"access_rules": [
									"@GoronMinesCrystalSwitchRoom, boots"
								]
							}
						]
					},
					{
						"name": "Outside Beamos Chest",
						"map_locations": [
							{
								"map": "gm2f",
								"x": 1413,
								"y": 356
							},
							{
								"map": "gmfull",
								"x": 4210,
								"y": 356
							}
						],
						"sections": [
							{
								"access_rules": [
									"@GoronMinesNorthWing"
								]
							}
						]
					},
					{
						"name": "Outside Clawshot Chest",
						"map_locations": [
							{
								"map": "gm2f",
								"x": 1743,
								"y": 61
							},
							{
								"map": "gmfull",
								"x": 4540,
								"y": 61
							}
						],
						"sections": [
							{
								"access_rules": [
									"@GoronMinesNorthWing, clawshot, bow",
									"@GoronMinesNorthWing, clawshot, slingshot",
									"[glitcheson], @GoronMinesNorthWing, clawshot"
								]
							}
						]
					},
					{
						"name": "Outside Underwater Chest",
						"map_locations": [
							{
								"map": "gm2f",
								"x": 1708,
								"y": 211
							},
							{
								"map": "gmfull",
								"x": 4505,
								"y": 211
							}
						],
						"sections": [
							{
								"access_rules": [
									"@GoronMinesNorthWing, boots, $hasWaterBombs",
									"@GoronMinesNorthWing, boots, sword",
									"[glitcheson], @GoronMinesNorthWing, $hasHeavyMod"
								]
							}
						]
					},
					{
						"name": "Gor Ebizo Key Shard",
						"map_locations": [
							{
								"map": "gm2f",
								"x": 2670,
								"y": 181
							},
							{
								"map": "gmfull",
								"x": 5467,
								"y": 181
							}
						],
						"sections": [
							{
								"access_rules": [
									"@GoronMinesUpperEastWing"
								]
							}
						]
					},
					{
						"name": "Gor Ebizo Chest",
						"map_locations": [
							{
								"map": "gm2f",
								"x": 2753,
								"y": 209
							},
							{
								"map": "gmfull",
								"x": 5550,
								"y": 209
							}
						],
						"sections": [
							{
								"access_rules": [
									"@GoronMinesUpperEastWing"
								]
							}
						]
					},
					{
						"name": "Chest Before Dangoro",
						"map_locations": [
							{
								"map": "gm2f",
								"x": 2411,
								"y": 333
							},
							{
								"map": "gmfull",
								"x": 5208,
								"y": 333
							}
						],
						"sections": [
							{
								"access_rules": [
									"@GoronMinesUpperEastWing, boots",
									"[glitcheson], @GoronMinesUpperEastWing, $canDoLJA"
								]
							}
						]
					},
					{
						"name": "Dangoro Chest",
						"map_locations": [
							{
								"map": "gm2f",
								"x": 2226,
								"y": 1023
							},
							{
								"map": "gmfull",
								"x": 5023,
								"y": 1023
							}
						],
						"sections": [
							{
								"access_rules": [
									"@GoronMinesUpperEastWing, boots, $canDefeatDangoro",
									"[glitcheson], @GoronMinesUpperEastWing, boots, $canDefeatDangoroGlitched"
								]
							}
						]
					},
					{
						"name": "Beamos Room Chest",
						"map_locations": [
							{
								"map": "gm2f",
								"x": 2083,
								"y": 1266
							},
							{
								"map": "gmfull",
								"x": 4880,
								"y": 1266
							}
						],
						"sections": [
							{
								"access_rules": [
									"@GoronMinesUpperEastWing, boots, $canDefeatDangoro, bow",
									"[glitcheson], @GoronMinesUpperEastWing, boots, $canDefeatDangoroGlitched, bow",
									"[glitcheson], @GoronMinesUpperEastWing, boots, $canDefeatDangoro, $canDefeatBeamos",
									"[glitcheson], @GoronMinesUpperEastWing, boots, $canDefeatDangoroGlitched, $canDefeatBeamos"
								]
							}
						]
					},
					{
						"name": "Gor Liggs Key Shard",
						"map_locations": [
							{
								"map": "gm2f",
								"x": 2674,
								"y": 1267
							},
							{
								"map": "gmfull",
								"x": 5471,
								"y": 1267
							}
						],
						"sections": [
							{
								"access_rules": [
									"@GoronMinesUpperEastWing, boots, $canDefeatDangoro, bow",
									"[glitcheson], @GoronMinesUpperEastWing, boots, $canDefeatDangoroGlitched, bow",
									"[glitcheson], @GoronMinesUpperEastWing, boots, $canDefeatDangoro, $canDefeatBeamos",
									"[glitcheson], @GoronMinesUpperEastWing, boots, $canDefeatDangoroGlitched, $canDefeatBeamos"
								]
							}
						]
					},
					{
						"name": "Gor Liggs Chest",
						"map_locations": [
							{
								"map": "gm2f",
								"x": 2764,
								"y": 1269
							},
							{
								"map": "gmfull",
								"x": 5561,
								"y": 1269
							}
						],
						"sections": [
							{
								"access_rules": [
									"@GoronMinesUpperEastWing, boots, $canDefeatDangoro, bow",
									"[glitcheson], @GoronMinesUpperEastWing, boots, $canDefeatDangoroGlitched, bow",
									"[glitcheson], @GoronMinesUpperEastWing, boots, $canDefeatDangoro, $canDefeatBeamos",
									"[glitcheson], @GoronMinesUpperEastWing, boots, $canDefeatDangoroGlitched, $canDefeatBeamos"
								]
							}
						]
					},
					{
						"name": "Main Magnet Room Top Chest",
						"map_locations": [
							{
								"map": "gm2f",
								"x": 1829,
								"y": 1659
							},
							{
								"map": "gmfull",
								"x": 4626,
								"y": 1659
							}
						],
						"sections": [
							{
								"access_rules": [
									"@GoronMinesMagnetRoom, $canDefeatDangoro, boots, gmsmallkey:3, bow",
									"@GoronMinesMagnetRoom, $canDefeatDangoro, boots, skkeysy, bow",
									"[glitcheson], @GoronMinesMagnetRoom, $canDefeatDangoroGlitched, boots, gmsmallkey:3, bow",
									"[glitcheson], @GoronMinesMagnetRoom, $canDefeatDangoroGlitched, boots, skkeysy, bow",
									"[glitcheson], @GoronMinesMagnetRoom, @GoronMinesUpperEastWing, $canDefeatDangoro, $canDefeatBeamos",
									"[glitcheson], @GoronMinesMagnetRoom, @GoronMinesUpperEastWing, $canDefeatDangoroGlitched, $canDefeatBeamos"
								]
							}
						]
					},
					{
						"name": "Fyrus Boss",
						"access_rules": [
							"@GoronMinesBossRoom"
						],
						"map_locations": [
							{
								"map": "gm2f",
								"x": 968,
								"y": 764
							},
							{
								"map": "gmfull",
								"x": 3765,
								"y": 764
							}
						],
						"sections": [
							{
								"name": "Fyrus Heart Container",
								"access_rules": [
									"$canDefeatFyrus"
								]
							},
							{
								"name": "Dungeon Reward",
								"access_rules": [
									"$canDefeatFyrus"
								]
							}
						]
					}
				]
			}
		]
	}
]