[
	{
		"name": "Lakebed Temple",
		"children": [
			{
				"name": "B2",
				"children": [
					{
						"name": "Morpheel Boss",
						"access_rules": [
							"@LakebedTempleBossRoom"
						],
						"map_locations": [
							{
								"map": "ltb2",
								"x": 1509,
								"y": 563
							},
							{
								"map": "ltfull",
								"x": 1509,
								"y": 563
							}
						],
						"sections": [
							{
								"name": "Morpheel Heart Container",
								"access_rules": [
									"$canDefeatMorpheel",
									"[glitcheson], $canDefeatMorpheelGlitched"
								]
							},
							{
								"name": "Dungeon Reward",
								"access_rules": [
									"$canDefeatMorpheel",
									"[glitcheson], $canDefeatMorpheelGlitched"
								]
							}
						]
					}
				]
			},
			{
				"name": "B1",
				"children": [
					{
						"name": "Central Room Spire Chest",
						"map_locations": [
							{
								"map": "ltb1",
								"x": 1523,
								"y": 515
							},
							{
								"map": "ltfull",
								"x": 4438,
								"y": 515
							}
						],
						"sections": [
							{
								"access_rules": [
									"@LakebedTempleCentralRoom, $canLaunchBombs, ltsmallkey:3, boots",
									"@LakebedTempleCentralRoom, $canLaunchBombs, skkeysy, boots",
									"[glitcheson], @LakebedTempleCentralRoom, clawshot, sword, boots"
								]
							}
						]
					},
					{
						"name": "East Lower Waterwheel Stalactite Chest",
						"map_locations": [
							{
								"map": "ltb1",
								"x": 2341,
								"y": 617
							},
							{
								"map": "ltfull",
								"x": 5256,
								"y": 617
							}
						],
						"sections": [
							{
								"access_rules": [
									"@LakebedTempleEastWingFirstFloor, $canLaunchBombs",
									"[glitcheson], @LakebedTempleCentralRoom, $canDoLJA"
								]
							}
						]
					},
					{
						"name": "East Lower Waterwheel Bridge Chest",
						"map_locations": [
							{
								"map": "ltb1",
								"x": 2249,
								"y": 764
							},
							{
								"map": "ltfull",
								"x": 5164,
								"y": 764
							}
						],
						"sections": [
							{
								"access_rules": [
									"@LakebedTempleEastWingFirstFloor, $canLaunchBombs, ltsmallkey:3, clawshot",
									"@LakebedTempleEastWingFirstFloor, $canLaunchBombs, skkeysy, clawshot",
									"[glitcheson], @LakebedTempleEastWingFirstFloor, $canDoLJA",
									"[glitcheson], @LakebedTempleEastWingFirstFloor, clawshot, $hasBombs",
									"[glitcheson], @LakebedTempleEastWingFirstFloor, @LakebedTempleEastWingSecondFloor, clawshot, shadowcrystal",
									"[glitcheson], @LakebedTempleEastWingFirstFloor, @LakebedTempleEastWingSecondFloor, clawshot, $hasBombs, sword",
									"[glitcheson], @LakebedTempleEastWingFirstFloor, @LakebedTempleEastWingSecondFloor, $canLaunchBombs, shadowcrystal",
									"[glitcheson], @LakebedTempleEastWingFirstFloor, @LakebedTempleEastWingSecondFloor, $canLaunchBombs, $hasBombs, sword",
									"[glitcheson], @LakebedTempleEastWingFirstFloor, @LakebedTempleWestWing, $canLaunchBombs"
								]
							}
						]
					},
					{
						"name": "Before Deku Toad Underwater Left Chest",
						"map_locations": [
							{
								"map": "ltb1",
								"x": 2367,
								"y": 411
							},
							{
								"map": "ltfull",
								"x": 5282,
								"y": 411
							}
						],
						"sections": [
							{
								"access_rules": [
									"@LakebedTempleEastWingFirstFloor, glitchesoff, zoraarmor, boots, ltsmallkey:3, $canLaunchBombs",
									"@LakebedTempleEastWingFirstFloor, glitchesoff, zoraarmor, boots, skkeysy, $canLaunchBombs",
									"@LakebedTempleEastWingFirstFloor, glitchesoff, zoraarmor, boots, ltsmallkey:3, clawshot, $canSmash",
									"@LakebedTempleEastWingFirstFloor, glitchesoff, zoraarmor, boots, skkeysy, clawshot, $canSmash",
									"[glitcheson], @LakebedTempleEastWingFirstFloor, $canDoLJA, $canSkipKeyToDekuToad, $hasHeavyMod",
									"[glitcheson], @LakebedTempleEastWingFirstFloor, $canDoLJA, ltsmallkey:1, $hasHeavyMod",
									"[glitcheson], @LakebedTempleEastWingFirstFloor, $canSkipKeyToDekuToad, clawshot, $canLaunchBombs, $hasHeavyMod",
									"[glitcheson], @LakebedTempleEastWingFirstFloor, ltsmallkey:3, clawshot, $canLaunchBombs, $hasHeavyMod"
								]
							}
						]
					},
					{
						"name": "Before Deku Toad Underwater Right Chest",
						"map_locations": [
							{
								"map": "ltb1",
								"x": 2404,
								"y": 299
							},
							{
								"map": "ltfull",
								"x": 5319,
								"y": 299
							}
						],
						"sections": [
							{
								"access_rules": [
									"@LakebedTempleEastWingFirstFloor, glitchesoff, zoraarmor, boots, ltsmallkey:3, $canLaunchBombs",
									"@LakebedTempleEastWingFirstFloor, glitchesoff, zoraarmor, boots, skkeysy, $canLaunchBombs",
									"@LakebedTempleEastWingFirstFloor, glitchesoff, zoraarmor, boots, ltsmallkey:3, clawshot, $canSmash",
									"@LakebedTempleEastWingFirstFloor, glitchesoff, zoraarmor, boots, skkeysy, clawshot, $canSmash",
									"[glitcheson], @LakebedTempleEastWingFirstFloor, $canDoLJA, $canSkipKeyToDekuToad, $hasHeavyMod",
									"[glitcheson], @LakebedTempleEastWingFirstFloor, $canDoLJA, ltsmallkey:1, $hasHeavyMod",
									"[glitcheson], @LakebedTempleEastWingFirstFloor, $canSkipKeyToDekuToad, clawshot, $canLaunchBombs, $hasHeavyMod",
									"[glitcheson], @LakebedTempleEastWingFirstFloor, ltsmallkey:3, clawshot, $canLaunchBombs, $hasHeavyMod"
								]
							}
						]
					},
					{
						"name": "Big Key Chest",
						"map_locations": [
							{
								"map": "ltb1",
								"x": 471,
								"y": 671
							},
							{
								"map": "ltfull",
								"x": 3386,
								"y": 671
							}
						],
						"sections": [
							{
								"access_rules": [
									"@LakebedTempleWestWing, zoraarmor, $canLaunchBombs, boots, clawshot, $hasWaterBombs",
									"[glitcheson], @LakebedTempleWestWing, $canDoLJA, $canLaunchBombs, clawshot"
								]
							}
						]
					}
				]
			},
			{
				"name": "1F",
				"children": [
					{
						"name": "Central Room Small Chest",
						"map_locations": [
							{
								"map": "lt1f",
								"x": 1627,
								"y": 619
							},
							{
								"map": "ltfull",
								"x": 1627,
								"y": 2379
							}
						],
						"sections": [
							{
								"access_rules": [
									"@LakebedTempleCentralRoom"
								]
							}
						]
					},
					{
						"name": "Central Room Chest",
						"map_locations": [
							{
								"map": "lt1f",
								"x": 1646,
								"y": 452
							},
							{
								"map": "ltfull",
								"x": 1646,
								"y": 2212
							}
						],
						"sections": [
							{
								"access_rules": [
									"@LakebedTempleCentralRoom"
								]
							}
						]
					},
					{
						"name": "Before Deku Toad Alcove Chest",
						"map_locations": [
							{
								"map": "lt1f",
								"x": 2391,
								"y": 407
							},
							{
								"map": "ltfull",
								"x": 2391,
								"y": 2167
							}
						],
						"sections": [
							{
								"access_rules": [
									"@LakebedTempleEastWingFirstFloor, glitchesoff, skvanilla, $canDefeatDekuToad, ltsmallkey:2, zoraarmor, boots, $hasWaterBombs, clawshot",
									"@LakebedTempleEastWingFirstFloor, glitchesoff, ltsmallkey:3, $canLaunchBombs",
									"@LakebedTempleEastWingFirstFloor, glitchesoff, skkeysy, $canLaunchBombs",
									"@LakebedTempleEastWingFirstFloor, glitchesoff, ltsmallkey:3, clawshot, $canSmash",
									"@LakebedTempleEastWingFirstFloor, glitchesoff, skkeysy, clawshot, $canSmash",
									"[glitcheson], @LakebedTempleEastWingFirstFloor, $canDoLJA",
									"[glitcheson], @LakebedTempleEastWingFirstFloor, ltsmallkey:2, $canLaunchBombs",
									"[glitcheson], @LakebedTempleEastWingFirstFloor, skkeysy, $canLaunchBombs",
									"[glitcheson], @LakebedTempleEastWingFirstFloor, ltsmallkey:2, clawshot",
									"[glitcheson], @LakebedTempleEastWingFirstFloor, skkeysy, clawshot"
								]
							}
						]
					},
					{
						"name": "Deku Toad Chest",
						"map_locations": [
							{
								"map": "lt1f",
								"x": 2235,
								"y": 124
							},
							{
								"map": "ltfull",
								"x": 2235,
								"y": 1884
							}
						],
						"sections": [
							{
								"access_rules": [
									"@LakebedTempleEastWingFirstFloor, $canDefeatDekuToad, glitchesoff, ltsmallkey:3, zoraarmor, boots, $hasWaterBombs, $canLaunchBombs",
									"@LakebedTempleEastWingFirstFloor, $canDefeatDekuToad, glitchesoff, skkeysy, zoraarmor, boots, $hasWaterBombs, $canLaunchBombs",
									"@LakebedTempleEastWingFirstFloor, $canDefeatDekuToad, glitchesoff, ltsmallkey:3, zoraarmor, boots, $hasWaterBombs, clawshot, $canSmash",
									"@LakebedTempleEastWingFirstFloor, $canDefeatDekuToad, glitchesoff, skkeysy, zoraarmor, boots, $hasWaterBombs, clawshot, $canSmash",
									"[glitcheson], @LakebedTempleEastWingFirstFloor, $canDoLJA, $canSkipKeyToDekuToad, $hasHeavyMod, $hasWaterBombs",
									"[glitcheson], @LakebedTempleEastWingFirstFloor, $canDoLJA, ltsmallkey:1, $hasHeavyMod, $hasWaterBombs",
									"[glitcheson], @LakebedTempleEastWingFirstFloor, $canSkipKeyToDekuToad, clawshot, $canLaunchBombs, $hasHeavyMod, $hasWaterBombs",
									"[glitcheson], @LakebedTempleEastWingFirstFloor, ltsmallkey:3, clawshot, $canLaunchBombs, $hasHeavyMod, $hasWaterBombs",
									"[glitcheson], @LakebedTempleEastWingFirstFloor, $canDoLJA, $canSkipKeyToDekuToad, $hasHeavyMod, zoraarmor",
									"[glitcheson], @LakebedTempleEastWingFirstFloor, $canDoLJA, ltsmallkey:1, $hasHeavyMod, zoraarmor",
									"[glitcheson], @LakebedTempleEastWingFirstFloor, $canSkipKeyToDekuToad, clawshot, $canLaunchBombs, $hasHeavyMod, zoraarmor",
									"[glitcheson], @LakebedTempleEastWingFirstFloor, ltsmallkey:3, clawshot, $canLaunchBombs, $hasHeavyMod, zoraarmor"
								]
							}
						]
					},
					{
						"name": "West Lower Small Chest",
						"map_locations": [
							{
								"map": "lt1f",
								"x": 838,
								"y": 474
							},
							{
								"map": "ltfull",
								"x": 838,
								"y": 2234
							}
						],
						"sections": [
							{
								"access_rules": [
									"@LakebedTempleWestWing, clawshot",
									"[glitcheson], @LakebedTempleWestWing, $canDoLJA"
								]
							}
						]
					},
					{
						"name": "Underwater Maze Small Chest",
						"map_locations": [
							{
								"map": "lt1f",
								"x": 340,
								"y": 555
							},
							{
								"map": "ltfull",
								"x": 340,
								"y": 2315
							}
						],
						"sections": [
							{
								"access_rules": [
									"@LakebedTempleWestWing, zoraarmor, $canLaunchBombs, clawshot",
									"[glitcheson], @LakebedTempleWestWing, $canDoLJA, $canLaunchBombs, clawshot"
								]
							}
						]
					}
				]
			},
			{
				"name": "2F",
				"children": [
					{
						"name": "Lobby Left Chest",
						"map_locations": [
							{
								"map": "lt2f",
								"x": 1418,
								"y": 1266
							},
							{
								"map": "ltfull",
								"x": 4333,
								"y": 3026
							}
						],
						"sections": [
							{
								"access_rules": [
									"@LakebedTempleEntrance, zoraarmor",
									"[glitcheson], @LakebedTempleEntrance, $canDoAirRefill"
								]
							}
						]
					},
					{
						"name": "Lobby Rear Chest",
						"map_locations": [
							{
								"map": "lt2f",
								"x": 1512,
								"y": 1326
							},
							{
								"map": "ltfull",
								"x": 4427,
								"y": 3086
							}
						],
						"sections": [
							{
								"access_rules": [
									"@LakebedTempleEntrance, zoraarmor",
									"[glitcheson], @LakebedTempleEntrance, $canDoAirRefill"
								]
							}
						]
					},
					{
						"name": "Stalactite Room Chest",
						"map_locations": [
							{
								"map": "lt2f",
								"x": 1615,
								"y": 904
							},
							{
								"map": "ltfull",
								"x": 4530,
								"y": 2664
							}
						],
						"sections": [
							{
								"access_rules": [
									"@LakebedTempleEntrance, $canLaunchBombs",
									"[glitcheson], @LakebedTempleEntrance, $canDoLJA"
								]
							}
						]
					},
					{
						"name": "Chandelier Chest",
						"map_locations": [
							{
								"map": "lt2f",
								"x": 1525,
								"y": 529
							},
							{
								"map": "ltfull",
								"x": 4440,
								"y": 2289
							}
						],
						"sections": [
							{
								"access_rules": [
									"@LakebedTempleCentralRoom, clawshot"
								]
							}
						]
					},
					{
						"name": "East Second Floor Southwest Chest",
						"map_locations": [
							{
								"map": "lt2f",
								"x": 2084,
								"y": 608
							},
							{
								"map": "ltfull",
								"x": 4999,
								"y": 2368
							}
						],
						"sections": [
							{
								"access_rules": [
									"@LakebedTempleEastWingSecondFloor"
								]
							}
						]
					},
					{
						"name": "East Second Floor Southeast Chest",
						"map_locations": [
							{
								"map": "lt2f",
								"x": 2258,
								"y": 666
							},
							{
								"map": "ltfull",
								"x": 5173,
								"y": 2426
							}
						],
						"sections": [
							{
								"access_rules": [
									"@LakebedTempleEastWingSecondFloor, $canLaunchBombs",
									"@LakebedTempleEastWingSecondFloor, clawshot, $canSmash"
								]
							}
						]
					},
					{
						"name": "West Second Floor Southwest Underwater Chest",
						"map_locations": [
							{
								"map": "lt2f",
								"x": 623,
								"y": 670
							},
							{
								"map": "ltfull",
								"x": 3538,
								"y": 2430
							}
						],
						"sections": [
							{
								"access_rules": [
									"@LakebedTempleWestWing, $canLaunchBombs, boots, clawshot"
								]
							}
						]
					},
					{
						"name": "West Second Floor Central Small Chest",
						"map_locations": [
							{
								"map": "lt2f",
								"x": 877,
								"y": 433
							},
							{
								"map": "ltfull",
								"x": 3792,
								"y": 2193
							}
						],
						"sections": [
							{
								"access_rules": [
									"@LakebedTempleWestWing, clawshot"
								]
							}
						]
					},
					{
						"name": "West Second Floor Northeast Chest",
						"map_locations": [
							{
								"map": "lt2f",
								"x": 934,
								"y": 429
							},
							{
								"map": "ltfull",
								"x": 3849,
								"y": 2189
							}
						],
						"sections": [
							{
								"access_rules": [
									"@LakebedTempleWestWing, $canLaunchBombs, clawshot"
								]
							}
						]
					},
					{
						"name": "West Second Floor Southeast Chest",
						"map_locations": [
							{
								"map": "lt2f",
								"x": 827,
								"y": 653
							},
							{
								"map": "ltfull",
								"x": 3742,
								"y": 2413
							}
						],
						"sections": [
							{
								"access_rules": [
									"@LakebedTempleWestWing, $canLaunchBombs, clawshot"
								]
							}
						]
					}
				]
			},
			{
				"name": "4F",
				"children": [
					{
						"name": "East Water Supply Small Chest",
						"map_locations": [
							{
								"map": "lt4f",
								"x": 2692,
								"y": 502
							},
							{
								"map": "ltfull",
								"x": 5607,
								"y": 4022
							}
						],
						"sections": [
							{
								"access_rules": [
									"@LakebedTempleEastWingSecondFloor"
								]
							}
						]
					},
					{
						"name": "East Water Supply Clawshot Chest",
						"map_locations": [
							{
								"map": "lt4f",
								"x": 2865,
								"y": 533
							},
							{
								"map": "ltfull",
								"x": 5780,
								"y": 4053
							}
						],
						"sections": [
							{
								"access_rules": [
									"@LakebedTempleEastWingSecondFloor, ltsmallkey:3, glitchesoff, $canLaunchBombs, boots, $canSmash",
									"@LakebedTempleEastWingSecondFloor, skkeysy, glitchesoff, $canLaunchBombs, boots, $canSmash",
									"@LakebedTempleEastWingSecondFloor, ltsmallkey:3, glitchesoff, clawshot, boots, $canSmash",
									"@LakebedTempleEastWingSecondFloor, skkeysy, glitchesoff, clawshot, boots, $canSmash",
									"[glitcheson], @LakebedTempleEastWingSecondFloor, ltsmallkey:3, $canLaunchBombs",
									"[glitcheson], @LakebedTempleEastWingSecondFloor, skkeysy, $canLaunchBombs",
									"[glitcheson], @LakebedTempleEastWingSecondFloor, ltsmallkey:3, clawshot, $canSmash",
									"[glitcheson], @LakebedTempleEastWingSecondFloor, skkeysy, clawshot, $canSmash"
								]
							}
						]
					},
					{
						"name": "West Water Supply Small Chest",
						"map_locations": [
							{
								"map": "lt4f",
								"x": 227,
								"y": 555
							},
							{
								"map": "ltfull",
								"x": 3142,
								"y": 4075
							}
						],
						"sections": [
							{
								"access_rules": [
									"@LakebedTempleWestWing, $canLaunchBombs, boots, clawshot",
									"[glitcheson], @LakebedTempleWestWing, $canLaunchBombs, clawshot"
								]
							}
						]
					},
					{
						"name": "West Water Supply Chest",
						"map_locations": [
							{
								"map": "lt4f",
								"x": 49,
								"y": 522
							},
							{
								"map": "ltfull",
								"x": 2964,
								"y": 4042
							}
						],
						"sections": [
							{
								"access_rules": [
									"@LakebedTempleWestWing, $canLaunchBombs, boots, clawshot",
									"[glitcheson], @LakebedTempleWestWing, $canLaunchBombs, clawshot"
								]
							}
						]
					}
				]
			}
		]
	}
]