[
	{
		"name": "Temple of Time",
		"children": [
			{
				"name": "1F",
				"children": [
					{
						"name": "Lobby Lantern Chest",
						"map_locations": [
							{
								"map": "tt1f",
								"x": 808,
								"y": 1130
							},
							{
								"map": "ttfull",
								"x": 808,
								"y": 1130
							}
						],
						"sections": [
							{
								"access_rules": [
									"@TempleofTimeEntrance, lantern"
								]
							}
						]
					},
					{
						"name": "Armogohma Boss", 
						"access_rules": [
							"@TempleofTimeBossRoom"
						],
						"map_locations": [
							{
								"map": "tt1f",
								"x": 637,
								"y": 189
							},
							{
								"map": "ttfull",
								"x": 637,
								"y": 189
							}
						],
						"sections": [
							{
								"name": "Armogohma Heart Container",
								"access_rules": [
									"$canDefeatArmogohma"
								]
							},
							{
								"name": "Dungeon Reward",
								"access_rules": [
									"$canDefeatArmogohma"
								]
							}
						]
					}
				]
			},
			{
				"name": "2F",
				"children": [
					{
						"name": "First Staircase Gohma Gate Chest",
						"map_locations": [
							{
								"map": "tt2f",
								"x": 643,
								"y": 1532
							},
							{
								"map": "ttfull",
								"x": 1822,
								"y": 1532
							}
						],
						"sections": [
							{
								"access_rules": [
									"@TempleofTimeConnectingCorridors, $canDefeatYoungGohma",
									"[glitcheson], @TempleofTimeConnectingCorridors, $canDefeatYoungGohmaGlitched"
								]
							}
						]
					}
				]
			},
			{
				"name": "3F",
				"children": [
					{
						"name": "First Staircase Window Chest",
						"map_locations": [
							{
								"map": "tt3f",
								"x": 1035,
								"y": 1329
							},
							{
								"map": "ttfull",
								"x": 3393,
								"y": 1329
							}
						],
						"sections": [
							{
								"access_rules": [
									"@TempleofTimeConnectingCorridors, $hasRangedItem"
								]
							}
						]
					},
					{
						"name": "First Staircase Armos Chest",
						"map_locations": [
							{
								"map": "tt3f",
								"x": 1117,
								"y": 1291
							},
							{
								"map": "ttfull",
								"x": 3475,
								"y": 1291
							}
						],
						"sections": [
							{
								"access_rules": [
									"@TempleofTimeConnectingCorridors, $hasRangedItem, $canDefeatArmos",
									"[glitcheson], @TempleofTimeConnectingCorridors, $hasRangedItem, $canDefeatArmosGlitched"
								]
							}
						]
					}
				]
			},
			{
				"name": "Poes3F",
				"chest_unopened_img": "images/Items/PoeSoulGrayed.png",
				"chest_opened_img": "images/Items/PoeSoul.png",
				"children": [
					{
						"name": "Poe Behind Gate",
						"map_locations": [
							{
								"map": "tt3f",
								"x": 420,
								"y": 1115,
								"shape": "diamond"
							},
							{
								"map": "ttfull",
								"x": 2778,
								"y": 1115,
								"shape": "diamond"
							}
						],
						"sections": [
							{
								"access_rules": [
									"@TempleofTimeCentralMechanicalPlatform, shadowcrystal, dominionrod",
									"[glitcheson], @TempleofTimeCentralMechanicalPlatform, shadowcrystal, ballchain",
									"[glitcheson], @TempleofTimeCentralMechanicalPlatform, shadowcrystal, $canDoHSMoonBoots"
								]
							}
						]
					}
				]
			},
			{
				"name": "5F",
				"children": [
					{
						"name": "Armos Antechamber East Chest",
						"map_locations": [
							{
								"map": "tt5f",
								"x": 522,
								"y": 1411
							},
							{
								"map": "ttfull",
								"x": 522,
								"y": 3008
							}
						],
						"sections": [
							{
								"access_rules": [
									"@TempleofTimeArmosAntechamber, $canDefeatArmos",
									"[glitcheson], @TempleofTimeArmosAntechamber, $canDefeatArmosGlitched"
								]
							}
						]
					},
					{
						"name": "Armos Antechamber North Chest",
						"map_locations": [
							{
								"map": "tt5f",
								"x": 642,
								"y": 1567
							},
							{
								"map": "ttfull",
								"x": 642,
								"y": 3164
							}
						],
						"sections": [
							{
								"access_rules": [
									"@TempleofTimeArmosAntechamber"
								]
							}
						]
					},
					{
						"name": "Armos Antechamber Statue Chest",
						"map_locations": [
							{
								"map": "tt5f",
								"x": 769,
								"y": 1411
							},
							{
								"map": "ttfull",
								"x": 769,
								"y": 3008
							}
						],
						"sections": [
							{
								"access_rules": [
									"@TempleofTimeArmosAntechamber, dominionrod",
									"[glitcheson], @TempleofTimeArmosAntechamber"
								]
							}
						]
					},
					{
						"name": "Moving Wall Beamos Room Chest",
						"map_locations": [
							{
								"map": "tt5f",
								"x": 406,
								"y": 835
							},
							{
								"map": "ttfull",
								"x": 406,
								"y": 2432
							}
						],
						"sections": [
							{
								"access_rules": [
									"@TempleofTimeMovingWallHallways, bow"
								]
							}
						]
					},
					{
						"name": "Moving Wall Dinalfos Room Chest",
						"map_locations": [
							{
								"map": "tt5f",
								"x": 44,
								"y": 879
							},
							{
								"map": "ttfull",
								"x": 44,
								"y": 2476
							}
						],
						"sections": [
							{
								"access_rules": [
									"@TempleofTimeMovingWallHallways, $canDefeatDinalfos, dominionrod, bow",
									"[glitcheson], @TempleofTimeMovingWallHallways, $canDefeatDinalfos, spinner, $hasBombs, bow"
								]
							}
						]
					}
				]
			},
			{
				"name": "6F",
				"children": [
					{
						"name": "Scales Gohma Chest",
						"map_locations": [
							{
								"map": "tt6f",
								"x": 640,
								"y": 1036
							},
							{
								"map": "ttfull",
								"x": 1819,
								"y": 2633
							}
						],
						"sections": [
							{
								"access_rules": [
									"@TempleofTimeScalesofTime, $canDefeatYoungGohma, $canDefeatBabyGohma",
									"[glitcheson], @TempleofTimeScalesofTime, $canDefeatYoungGohmaGlitched, $canDefeatBabyGohma",
									"[glitcheson], @TempleofTimeScalesofTime, $canDefeatYoungGohma, $canDefeatBabyGohmaGlitched",
									"[glitcheson], @TempleofTimeScalesofTime, $canDefeatYoungGohmaGlitched, $canDefeatBabyGohmaGlitched"
								]
							}
						]
					}
				]
			},
			{
				"name": "7F",
				"children": [
					{
						"name": "Scales Upper Chest",
						"map_locations": [
							{
								"map": "tt7f",
								"x": 730,
								"y": 1230
							},
							{
								"map": "ttfull",
								"x": 3088,
								"y": 2827
							}
						],
						"sections": [
							{
								"access_rules": [
									"@TempleofTimeScalesofTime, spinner, clawshot"
								]
							}
						]
					},
					{
						"name": "Floor Switch Puzzle Room Upper Chest",
						"map_locations": [
							{
								"map": "tt7f",
								"x": 1071,
								"y": 1114
							},
							{
								"map": "ttfull",
								"x": 3429,
								"y": 2711
							}
						],
						"sections": [
							{
								"access_rules": [
									"@TempleofTimeFloorSwitchPuzzleRoom, clawshot"
								]
							}
						]
					},
					{
						"name": "Big Key Chest",
						"map_locations": [
							{
								"map": "tt7f",
								"x": 1008,
								"y": 1114
							},
							{
								"map": "ttfull",
								"x": 3366,
								"y": 2711
							}
						],
						"sections": [
							{
								"access_rules": [
									"@TempleofTimeFloorSwitchPuzzleRoom, $canDefeatHelmasaur, clawshot",
									"[glitcheson], @TempleofTimeFloorSwitchPuzzleRoom, $canDefeatHelmasaurGlitched, clawshot"
								]
							}
						]
					},
					{
						"name": "Gilloutine Chest",
						"map_locations": [
							{
								"map": "tt7f",
								"x": 1011,
								"y": 1547
							},
							{
								"map": "ttfull",
								"x": 3369,
								"y": 3144
							}
						],
						"sections": [
							{
								"access_rules": [
									"@TempleofTimeUpperSpikeTrapCorridor"
								]
							}
						]
					}
				]
			},
			{
				"name": "Poes7F",
				"chest_unopened_img": "images/Items/PoeSoulGrayed.png",
				"chest_opened_img": "images/Items/PoeSoul.png",
				"children": [
					{
						"name": "Poe Above Scales",
						"map_locations": [
							{
								"map": "tt7f",
								"x": 782,
								"y": 1080,
								"shape": "diamond"
							},
							{
								"map": "ttfull",
								"x": 3140,
								"y": 2677,
								"shape": "diamond"
							}
						],
						"sections": [
							{
								"access_rules": [
									"@TempleofTimeScalesofTime, shadowcrystal, spinner, clawshot"
								]
							}
						]
					}
				]
			},
			{
				"name": "8F",
				"children": [
					{
						"name": "Chest Before Darknut",
						"map_locations": [
							{
								"map": "tt8f",
								"x": 1010,
								"y": 1070
							},
							{
								"map": "ttfull",
								"x": 4547,
								"y": 2667
							}
						],
						"sections": [
							{
								"access_rules": [
									"@TempleofTimeUpperSpikeTrapCorridor, $canDefeatArmos, $canDefeatBabyGohma, $canDefeatYoungGohma",
									"@TempleofTimeUpperSpikeTrapCorridor, $canDefeatArmosGlitched, $canDefeatBabyGohma, $canDefeatYoungGohma",
									"@TempleofTimeUpperSpikeTrapCorridor, $canDefeatArmos, $canDefeatBabyGohmaGlitched, $canDefeatYoungGohma",
									"@TempleofTimeUpperSpikeTrapCorridor, $canDefeatArmosGlitched, $canDefeatBabyGohmaGlitched, $canDefeatYoungGohma",
									"@TempleofTimeUpperSpikeTrapCorridor, $canDefeatArmos, $canDefeatBabyGohma, $canDefeatYoungGohmaGlitched",
									"@TempleofTimeUpperSpikeTrapCorridor, $canDefeatArmosGlitched, $canDefeatBabyGohma, $canDefeatYoungGohmaGlitched",
									"@TempleofTimeUpperSpikeTrapCorridor, $canDefeatArmos, $canDefeatBabyGohmaGlitched, $canDefeatYoungGohmaGlitched",
									"@TempleofTimeUpperSpikeTrapCorridor, $canDefeatArmosGlitched, $canDefeatBabyGohmaGlitched, $canDefeatYoungGohmaGlitched"
								]
							}
						]
					},
					{
						"name": "Darknut Chest",
						"map_locations": [
							{
								"map": "tt8f",
								"x": 331,
								"y": 1149
							},
							{
								"map": "ttfull",
								"x": 3868,
								"y": 2746
							}
						],
						"sections": [
							{
								"access_rules": [
									"@TempleofTimeDarknutArena, $canDefeatDarknut"
								]
							}
						]
					}
				]
			}
		]
	}
]