{
	"dungeon_keys75": {
		"type": "array",
		"orientation": "vertical",
		"content": [
			{
				"type": "array",
				"orientation": "horizontal",
				"margin": "5,1,1,1",
				"content": [
					{
						"type": "text",
						"h_alignment": "center",
						"v_alignment": "center",
						"text": "FT"
					},
					{
						"type": "text",
						"h_alignment": "center",
						"v_alignment": "center",
						"text": "GM"
					},
					{
						"type": "text",
						"h_alignment": "center",
						"v_alignment": "center",
						"text": "LT"
					},
					{
						"type": "text",
						"h_alignment": "center",
						"v_alignment": "center",
						"text": "AG"
					},
					{
						"type": "text",
						"h_alignment": "center",
						"v_alignment": "center",
						"text": "    "
					},
					{
						"type": "text",
						"h_alignment": "center",
						"v_alignment": "center",
						"text": "    "
					},
					{
						"type": "text",
						"h_alignment": "center",
						"v_alignment": "center",
						"text": "TT"
					},
					{
						"type": "text",
						"h_alignment": "center",
						"v_alignment": "center",
						"text": "CS"
					},
					{
						"type": "text",
						"h_alignment": "center",
						"v_alignment": "center",
						"text": "PT"
					},
					{
						"type": "text",
						"h_alignment": "center",
						"v_alignment": "center",
						"text": "HC"
					}
				]
			},
			{
				"type": "array",
				"margin": "0,-14,0,2",
				"orientation": "horizontal",
				"content": [
					{
						"type": "text",
						"h_alignment": "center",
						"v_alignment": "center",
						"text": "SR"
					}
				]
			},
			{
				"type": "itemgrid",
				"h_alignment": "center",
				"item_size": "37",
				"item_margin": "1,1,1,1",
				"margin": "5,5,1,1",
				"item_h_alignment": "center",
				"item_v_alignment": "center",
				"rows":[
					[
						"ftsmallkey",
						"gmsmallkey",
						"ltsmallkey",
						"agsmallkey",
						"srsmallkey",
						"ordonpumpkin",
						"ttsmallkey",
						"cssmallkey",
						"ptsmallkey",
						"hcsmallkey"
					],
					[
						"ftbigkey",
						"gmbigkey",
						"ltbigkey",
						"agbigkey",
						"srbigkey",
						"ordongoatcheese",
						"ttbigkey",
						"csbigkey",
						"ptbigkey",
						"hcbigkey"
					]
				]
			}
		]
	},
	"dungeon_keys_broadcast": {
		"type": "array",
		"orientation": "vertical",
		"content": [
			{
				"type": "array",
				"orientation": "horizontal",
				"margin": "5,1,1,1",
				"content": [
					{
						"type": "text",
						"h_alignment": "center",
						"v_alignment": "center",
						"text": "FT"
					},
					{
						"type": "text",
						"h_alignment": "center",
						"v_alignment": "center",
						"text": "GM"
					},
					{
						"type": "text",
						"h_alignment": "center",
						"v_alignment": "center",
						"text": "LT"
					},
					{
						"type": "text",
						"h_alignment": "center",
						"v_alignment": "center",
						"text": "AG"
					},
					{
						"type": "text",
						"h_alignment": "center",
						"v_alignment": "center",
						"text": "    "
					},
					{
						"type": "text",
						"h_alignment": "center",
						"v_alignment": "center",
						"text": "    "
					},
					{
						"type": "text",
						"h_alignment": "center",
						"v_alignment": "center",
						"text": "TT"
					},
					{
						"type": "text",
						"h_alignment": "center",
						"v_alignment": "center",
						"text": "CS"
					},
					{
						"type": "text",
						"h_alignment": "center",
						"v_alignment": "center",
						"text": "PT"
					},
					{
						"type": "text",
						"h_alignment": "center",
						"v_alignment": "center",
						"text": "HC"
					}
				]
			},
			{
				"type": "array",
				"margin": "0,-14,0,2",
				"orientation": "horizontal",
				"content": [
					{
						"type": "text",
						"h_alignment": "center",
						"v_alignment": "center",
						"text": "SR"
					}
				]
			},
			{
				"type": "itemgrid",
				"h_alignment": "center",
				"item_size": "37",
				"item_margin": "1,1,1,1",
				"margin": "5,5,1,1",
				"item_h_alignment": "center",
				"item_v_alignment": "center",
				"rows":[
					[
						"ftsmallkey",
						"gmsmallkey",
						"ltsmallkey",
						"agsmallkey",
						"srsmallkey",
						"ordonpumpkin",
						"ttsmallkey",
						"cssmallkey",
						"ptsmallkey",
						"hcsmallkey"
					],
					[
						"ftbigkey",
						"gmbigkey",
						"ltbigkey",
						"agbigkey",
						"srbigkey",
						"ordongoatcheese",
						"ttbigkey",
						"csbigkey",
						"ptbigkey",
						"hcbigkey"
					]
				]
			}
		]
	}
}