{
	"tracker_default": {
		"background": "#1D1A14",
		"type": "dock",
		"content": [
			{
				"type": "dock",
				"orientation": "vertical",
				"dock": "left",
				"content": [
					{
						"type": "tabbed",
						"dock": "top",
						"content": [
							{
								"type": "group",
								"header": "Items",
								"background": "#525260",
								"content": {
									"type": "layout",
									"key": "item_grid75"
								}
							},
							{
								"type": "group",
								"header": "Bugs",
								"background": "#525260",
								"content": {
									"type": "layout",
									"key": "bugs75"
								}
							},
							{
								"type": "group",
								"header": "Portals",
								"background": "#525260",
								"content": {
									"type": "layout",
									"key": "portals75"
								}
							}
						]
					},
					{
						"type": "group",
						"header": "Keys & Dungeons",
						"dock": "top",
						"background": "#525260",
						"content": {
							"type": "layout",
							"key": "keys75"
						}
					},
					{
						"type": "container",
						"dock": "top",
						"background": "#525260",
						"content": {
							"type": "layout",
							"key": "bosses75"
						}
					},
					{
						"type": "container",
						"dock": "top",
						"background": "#525260",
						"content": {
							"type": "layout",
							"key": "dungeon_keys75"
						}
					}
				]
			},
			{
				"type": "container",
				"content": [
					{
						"type": "layout",
						"key": "layout_maps"
					}
				]
			}
		]
	}
}