[
	{
		"name": "GanondorfCastle",
		"access_rules": [
			"@HyruleCastleTowerClimb, spinner, doubleclawshot, $canDefeatDarknut, $canDefeatLizalfos, hcbigkey, $canDefeatGanondorf",
			"[glitcheson], @HyruleCastleTowerClimb, spinner, doubleclawshot, $canDefeatDarknut, $canDefeatLizalfosGlitched, hcbigkey, $canDefeatGanondorf",
			"[glitcheson], @HyruleCastleTowerClimb, $canDoJSLJA, doubleclawshot, $canDefeatDarknut, $canDefeatLizalfos, hcbigkey, $canDefeatGanondorf",
			"[glitcheson], @HyruleCastleTowerClimb, $canDoJSLJA, doubleclawshot, $canDefeatDarknut, $canDefeatLizalfosGlitched, hcbigkey, $canDefeatGanondorf",
			"[glitcheson], @HyruleCastleTowerClimb, spinner, clawshot, $canDefeatDarknut, $canDefeatLizalfos, hcbigkey, $canDefeatGanondorf",
			"[glitcheson], @HyruleCastleTowerClimb, spinner, clawshot, $canDefeatDarknut, $canDefeatLizalfosGlitched, hcbigkey, $canDefeatGanondorf",
			"[glitcheson], @HyruleCastleTowerClimb, $canDoJSLJA, clawshot, $canDefeatDarknut, $canDefeatLizalfos, hcbigkey, $canDefeatGanondorf",
			"[glitcheson], @HyruleCastleTowerClimb, $canDoJSLJA, clawshot, $canDefeatDarknut, $canDefeatLizalfosGlitched, hcbigkey, $canDefeatGanondorf",
			"@HyruleCastleTowerClimb, spinner, doubleclawshot, $canDefeatDarknut, $canDefeatLizalfos, bkkeysy, $canDefeatGanondorf",
			"[glitcheson], @HyruleCastleTowerClimb, spinner, doubleclawshot, $canDefeatDarknut, $canDefeatLizalfosGlitched, bkkeysy, $canDefeatGanondorf",
			"[glitcheson], @HyruleCastleTowerClimb, $canDoJSLJA, doubleclawshot, $canDefeatDarknut, $canDefeatLizalfos, bkkeysy, $canDefeatGanondorf",
			"[glitcheson], @HyruleCastleTowerClimb, $canDoJSLJA, doubleclawshot, $canDefeatDarknut, $canDefeatLizalfosGlitched, bkkeysy, $canDefeatGanondorf",
			"[glitcheson], @HyruleCastleTowerClimb, spinner, clawshot, $canDefeatDarknut, $canDefeatLizalfos, bkkeysy, $canDefeatGanondorf",
			"[glitcheson], @HyruleCastleTowerClimb, spinner, clawshot, $canDefeatDarknut, $canDefeatLizalfosGlitched, bkkeysy, $canDefeatGanondorf",
			"[glitcheson], @HyruleCastleTowerClimb, $canDoJSLJA, clawshot, $canDefeatDarknut, $canDefeatLizalfos, bkkeysy, $canDefeatGanondorf",
			"[glitcheson], @HyruleCastleTowerClimb, $canDoJSLJA, clawshot, $canDefeatDarknut, $canDefeatLizalfosGlitched, bkkeysy, $canDefeatGanondorf"
		]
	},
	{
		"name": "HyruleCastleEntrance",
		"access_rules": [
			"@CastleTownNorthBehindFirstDoor, hcopen",
			"@CastleTownNorthBehindFirstDoor, hcvanilla, ptcompleted",
			"@CastleTownNorthBehindFirstDoor, hcfusedshadows, fusedshadows:3",
			"@CastleTownNorthBehindFirstDoor, hcmirrorshards, mirrorshards:4",
			"@CastleTownNorthBehindFirstDoor, hcalldungeons, $hasCompletedAllDungeons",
			"@HyruleCastleMainHall",
			"@HyruleCastleOutsideEastWing",
			"@HyruleCastleOutsideWestWing"
		]
	},
	{
		"name": "HyruleCastleGraveyard",
		"access_rules": [
			"@HyruleCastleOutsideEastWing, shadowcrystal"
		]
	},
	{
		"name": "HyruleCastleInsideEastWing",
		"access_rules": [
			"@HyruleCastleInsideEastWing",
			"@HyruleCastleMainHall, $canDefeatBokoblin, $canDefeatLizalfos, doubleclawshot, $canDefeatDarknut, boomerang",
			"[glitcheson], @HyruleCastleMainHall, $canDefeatBokoblinGlitched, $canDefeatLizalfos, doubleclawshot, $canDefeatDarknut, boomerang",
			"[glitcheson], @HyruleCastleMainHall, $canDefeatBokoblin, $canDefeatLizalfosGlitched, doubleclawshot, $canDefeatDarknut, boomerang",
			"[glitcheson], @HyruleCastleMainHall, $canDefeatBokoblinGlitched, $canDefeatLizalfosGlitched, doubleclawshot, $canDefeatDarknut, boomerang",
			"[glitcheson], @HyruleCastleMainHall, $canDefeatBokoblin, $canDefeatLizalfos, clawshot, $canDefeatDarknut, boomerang",
			"[glitcheson], @HyruleCastleMainHall, $canDefeatBokoblinGlitched, $canDefeatLizalfos, dclawshot, $canDefeatDarknut, boomerang",
			"[glitcheson], @HyruleCastleMainHall, $canDefeatBokoblin, $canDefeatLizalfosGlitched, clawshot, $canDefeatDarknut, boomerang",
			"[glitcheson], @HyruleCastleMainHall, $canDefeatBokoblinGlitched, $canDefeatLizalfosGlitched, clawshot, $canDefeatDarknut, boomerang",
			"@HyruleCastleThirdFloorBalcony, lantern, $canDefeatDinalfos"
		]
	},
	{
		"name": "HyruleCastleInsideWestWing",
		"access_rules": [
			"@HyruleCastleMainHall, $canDefeatBokoblin, $canDefeatLizalfos, doubleclawshot, $canDefeatDarknut, boomerang",
			"[glitcheson], @HyruleCastleMainHall, $canDefeatBokoblinGlitched, $canDefeatLizalfos, doubleclawshot, $canDefeatDarknut, boomerang",
			"[glitcheson], @HyruleCastleMainHall, $canDefeatBokoblin, $canDefeatLizalfosGlitched, doubleclawshot, $canDefeatDarknut, boomerang",
			"[glitcheson], @HyruleCastleMainHall, $canDefeatBokoblinGlitched, $canDefeatLizalfosGlitched, doubleclawshot, $canDefeatDarknut, boomerang",
			"[glitcheson], @HyruleCastleMainHall, $canDefeatBokoblin, $canDefeatLizalfos, clawshot, $canDefeatDarknut, boomerang",
			"[glitcheson], @HyruleCastleMainHall, $canDefeatBokoblinGlitched, $canDefeatLizalfos, dclawshot, $canDefeatDarknut, boomerang",
			"[glitcheson], @HyruleCastleMainHall, $canDefeatBokoblin, $canDefeatLizalfosGlitched, clawshot, $canDefeatDarknut, boomerang",
			"[glitcheson], @HyruleCastleMainHall, $canDefeatBokoblinGlitched, $canDefeatLizalfosGlitched, clawshot, $canDefeatDarknut, boomerang",
			"@HyruleCastleThirdFloorBalcony, $canKnockDownHCPainting, $canDefeatLizalfos, $canDefeatDarknut",
			"[glitcheson], @HyruleCastleThirdFloorBalcony, $canKnockDownHCPaintingGlitched, $canDefeatLizalfos, $canDefeatDarknut",
			"[glitcheson], @HyruleCastleThirdFloorBalcony, $canKnockDownHCPainting, $canDefeatLizalfosGlitched, $canDefeatDarknut",
			"[glitcheson], @HyruleCastleThirdFloorBalcony, $canKnockDownHCPaintingGlitched, $canDefeatLizalfosGlitched, $canDefeatDarknut"
		]
	},
	{
		"name": "HyruleCastleMainHall",
		"access_rules": [
			"@HyruleCastleEntrance, hcsmallkey:1",
			"@HyruleCastleEntrance, skkeysy",
			"@HyruleCastleInsideWestWing"
		]
	},
	{
		"name": "HyruleCastleOutsideEastWing",
		"access_rules": [
			"@HyruleCastleEntrance, $canDefeatBokoblinRed",
			"[glitcheson], @HyruleCastleEntrance, $canDefeatBokoblinRedGlitched",
			"@HyruleCastleGraveyard, shadowcrystal"
		]
	},
	{
		"name": "HyruleCastleOutsideWestWing",
		"access_rules": [
			"@HyruleCastleEntrance, $canDefeatBokoblinRed",
			"[glitcheson], @HyruleCastleEntrance, $canDefeatBokoblinRedGlitched"
		]
	},
	{
		"name": "HyruleCastleThirdFloorBalcony",
		"access_rules": [
			"@HyruleCastleInsideEastWing, lantern, $canDefeatDinalfos",
			"@HyruleCastleInsideWestWing, $canKnockDownHCPainting, $canDefeatLizalfos, $canDefeatDarknut",
			"[glitcheson], @HyruleCastleInsideWestWing, $canKnockDownHCPaintingGlitched, $canDefeatLizalfos, $canDefeatDarknut",
			"[glitcheson], @HyruleCastleInsideWestWing, $canKnockDownHCPainting, $canDefeatLizalfosGlitched, $canDefeatDarknut",
			"[glitcheson], @HyruleCastleInsideWestWing, $canKnockDownHCPaintingGlitched, $canDefeatLizalfosGlitched, $canDefeatDarknut",
			"@HyruleCastleTowerClimb"
		]
	},
	{
		"name": "HyruleCastleTowerClimb",
		"access_rules": [
			"@GanondorfCastle",
			"@HyruleCastleThirdFloorBalcony, hcsmallkey:2",
			"@HyruleCastleThirdFloorBalcony, skkeysy",
			"@HyruleCastleTreasureRoom"
		]
	},
	{
		"name": "HyruleCastleTreasureRoom",
		"access_rules": [
			"@HyruleCastleTowerClimb, hcsmallkey:3, spinner, doubleclawshot, $canDefeatDarknut, $canDefeatLizalfos",
			"[glitcheson], @HyruleCastleTowerClimb, hcsmallkey:3, spinner, doubleclawshot, $canDefeatDarknut, $canDefeatLizalfosGlitched",
			"@HyruleCastleTowerClimb, skkeysy, spinner, doubleclawshot, $canDefeatDarknut, $canDefeatLizalfos",
			"[glitcheson], @HyruleCastleTowerClimb, skkeysy, spinner, doubleclawshot, $canDefeatDarknut, $canDefeatLizalfosGlitched",
			"[glitcheson], @HyruleCastleTowerClimb, hcsmallkey:3, $canDoJSLJA, doubleclawshot, $canDefeatDarknut, $canDefeatLizalfos",
			"[glitcheson], @HyruleCastleTowerClimb, hcsmallkey:3, $canDoJSLJA, doubleclawshot, $canDefeatDarknut, $canDefeatLizalfosGlitched",
			"[glitcheson], @HyruleCastleTowerClimb, skkeysy, $canDoJSLJA, doubleclawshot, $canDefeatDarknut, $canDefeatLizalfos",
			"[glitcheson], @HyruleCastleTowerClimb, skkeysy, $canDoJSLJA, doubleclawshot, $canDefeatDarknut, $canDefeatLizalfosGlitched",
			"[glitcheson], @HyruleCastleTowerClimb, hcsmallkey:3, spinner, clawshot, $canDefeatDarknut, $canDefeatLizalfos",
			"[glitcheson], @HyruleCastleTowerClimb, hcsmallkey:3, spinner, clawshot, $canDefeatDarknut, $canDefeatLizalfosGlitched",
			"[glitcheson], @HyruleCastleTowerClimb, skkeysy, spinner, clawshot, $canDefeatDarknut, $canDefeatLizalfos",
			"[glitcheson], @HyruleCastleTowerClimb, skkeysy, spinner, clawshot, $canDefeatDarknut, $canDefeatLizalfosGlitched",
			"[glitcheson], @HyruleCastleTowerClimb, hcsmallkey:3, $canDoJSLJA, clawshot, $canDefeatDarknut, $canDefeatLizalfos",
			"[glitcheson], @HyruleCastleTowerClimb, hcsmallkey:3, $canDoJSLJA, clawshot, $canDefeatDarknut, $canDefeatLizalfosGlitched",
			"[glitcheson], @HyruleCastleTowerClimb, skkeysy, $canDoJSLJA, clawshot, $canDefeatDarknut, $canDefeatLizalfos",
			"[glitcheson], @HyruleCastleTowerClimb, skkeysy, $canDoJSLJA, clawshot, $canDefeatDarknut, $canDefeatLizalfosGlitched"
		]
	}
]